:10000000C4C40000E7C40000E5C40000E3C400006D
:10001000E1C40000DFC40000DDC40000DBC4000058
:10002000D9C40000D7C40000D5C40000D3C4000068
:10003000D1C40000CFC400000C94DF08CBC4000082
:10004000C9C40000C7C40000C5C40000C3C4000088
:10005000C1C40000BFC40000BDC40000BBC4000098
:10006000B9C40000B7C40000B5C40000B3C40000A8
:10007000B1C40000AFC40000ADC40000ABC40000B8
:10008000A9C40000A7C40000A5C40000A3C40000C8
:10009000A1C400009FC400009DC400009BC40000D8
:1000A00099C4000097C4000095C4000093C40000E8
:1000B00091C400008FC400008DC400008BC40000F8
:1000C00089C4000087C4000085C4000083C4000008
:1000D00081C400007FC400007DC400007BC4000018
:1000E00079C4000077C4000075C4000073C4000028
:1000F00071C400006FC400006DC400006BC4000038
:1001000069C4000067C4000065C400000C94361682
:1001100061C400005FC400005DC400005BC4000057
:1001200059C4000057C4000055C4000053C4000067
:1001300051C400004FC400004DC400004BC4000077
:1001400049C4000047C4000045C400000C94D31506
:1001500041C400003FC400003DC400003BC4000097
:100160000C94C22B0C940A2C0C946B2C33C40000FE
:1001700031C400002FC400002DC400002BC40000B7
:1001800029C4000027C4000025C4000023C40000C7
:1001900021C400001FC400001DC400001BC40000D7
:1001A00019C4000017C4000015C4000013C40000E7
:1001B00011C400000FC400000DC400000BC40000F7
:1001C00009C4000007C4000005C4000003C4000007
:1001D00001C40000FFC30000FDC30000FBC300001A
:1001E000F9C30000F7C30000F5C30000F3C300002B
:1001F000F1C300000C94003CEDC3000042320C62DD
:10020000EE34432608460E0F6996196B431E41D4FF
:1002100025705D2B5A452847110F4D430F4BAF0FEB
:10022000552C10593B1B52060B54232156910C5749
:10023000760B588F1165590C6656236D29296C2051
:100240000C74450978EC0745FA2D7AD8180000009F
:100250006175746F2073746172742072665F6D6271
:10026000757300202F2000203D2000072E050DD3A0
:1002700091FF080500000C0021656A2D3B1322F850
:1002800062073F181D1CC700B0876BF8B611EA2A39
:10029000001F41000D2E2D07D3913D0432000006B2
:1002A0000021656A55E43023B900070018146C0773
:1002B0000090876BF85611E92A001F410000030FD8
:1002C0001E2627000000030F1E2536386700030F87
:1002D000256740605000030F275188838100030F7A
:1002E0002750C8C3C20027000000000000006700BC
:1002F000000000000000500000000000000081002D
:10030000000000000000C2000000000000504C4C43
:10031000310D0A00504C4C300D0A005620322E365A
:10032000372043554C3836380043554E585F5631C8
:1003300000202F2000203D20006E6100203D200085
:100340000E03430055004C00380036003800000012
:10035000160362007500730077006100720065008B
:100360002E006400650000000403090409028300F4
:10037000040100C032080B0002020201000904005F
:1003800000010202010005240010010424020605F8
:1003900024060001070583030800FF090401000289
:1003A0000A0000000705020240000507058102401F
:1003B0000005080B0202020201000904020001020A
:1003C000020100052400100104240206052406028F
:1003D00003070586030800FF09040300020A000062
:1003E00000070505024000050705840240000512CC
:1003F000011001EF020108EB034E2001000102DCB5
:10040000014C4F56460D0A00424F56460D0A000059
:1004100001022E030104AA050F06FF070008000BC6
:10042000060D210E740FAD104B11F8121613721534
:1004300041181819161B0323E9242A2500261F3EFC
:10044000500001022E030104AA050F06FF07000851
:10045000000B060D210E660F6610CA1193120613CB
:10046000521535181819161B0323E9242A250026CE
:100470001F3E500001022E0301045505F006FF0740
:100480000008000B060D210E660F991059118312FA
:100490001E13521535181819161B0323E9242A2593
:1004A00000261F3E500D2E2D07D3913D0432000033
:1004B000060010B07155E43023B900070018146C21
:1004C000070090876BF85611E92A001F41000D2E96
:1004D0002D07D3913D04320000060010ABA5550A4C
:1004E0003023B900070018146C070090876BF8568A
:1004F00011E92A001F41004B6F707020436F6D6D32
:10050000616E6420556E6B6E6F776E0D0A004B6FD7
:100510007070205265636569766520537562436F1C
:100520006D6D616E6420556E6B6E6F776E0D0A0097
:1005300052585F494E49545F4552525F4D415243B4
:1005400053544154455F5258006B72532D526563AA
:100550006569766553746172740D0A006B72452D7E
:1005600052656365697665456E640D0A00204279BF
:10057000746573206F72204B6579636F64652069C1
:1005800073206E6F206865782076616C75650D0A42
:10059000004B6F7070205472616E736D69747420BB
:1005A000436F6D6D616E64206E6F7420657175614F
:1005B0006C20746F2000426C6F636B330D0A004235
:1005C0006C6F636B320D0A005B6865785D0D0A0025
:1005D0007469636B732D426C6F636B5374617274D7
:1005E00054696D653A20005B6865785D0D0A004BC3
:1005F00065794F666654696D653A20202020202079
:100600002020202020005B6865785D0D0A00426C88
:100610006F636B2053746172742054696D653A2066
:1006200020202020005B6865785D0D0A0054696316
:100630006B2054696D65723A2020202020202020F4
:10064000202020005B6865785D0D0A004B65794FBE
:10065000666654696D6520696E207469636B733AD0
:100660002020006D7365630D0A004B65794F666647
:1006700054696D653A202020202020202020202051
:10068000000D0A005469636B2054696D65723A204D
:1006900020202020202020202020000D0A000D0AEC
:1006A000416D6F756E74206F66204279746573209A
:1006B000284865782920666F756E6420696E7369B5
:1006C000646520636F6D6D616E64206C696E65207A
:1006D000706172616D657465723A2020202020205F
:1006E0002020202020000D0A4E6578742043686188
:1006F0007261637465722028696E74292061667462
:10070000657220706172616D65746572202873680E
:100710006F756C64206265206C696E6520656E641F
:1007200020636861726163746572293A20000D0A62
:10073000537472696E676C656E6774683A20202026
:10074000202000636F6D6D616E646C696E65706111
:1007500072616D657465723A20005472616E736DDA
:100760006974740D0A0054585F494E49545F4552EC
:10077000525F00012E4604AA540FE000000006005C
:1007800021656A97831663B947070C29366C0740C1
:1007900091876BF85611E92A001F41004E2F410046
:1007A0004E2F41004552523A4343410D0A000B0877
:1007B000105B11F81547191D1A1C1BC71C001DB230
:1007C00021B623EA0007022E030D04E905CA070C2F
:1007D0000B060D210E650F6A10C811931203153414
:1007E0001733181819161B432156250026112959AD
:1007F0002C812D353EC34C454E4552520D0A004CBE
:100800004F56460D0A004C454E4552520D0A000007
:1008100007024604C605260B0610C81193120313DF
:10082000221534173F182819161B43215625002678
:10083000110D210E650F6A070C160720F81E871F81
:100840006B29592C812D353EC3FF0020697320751B
:100850006E6B6E6F776E2920557365206F6E652005
:100860006F66003F202800203F0020402000313AE2
:10087000004F4E004F464600504859204C696E6B61
:10088000207374617475733A2000556E6B6E6F77C8
:100890006E20504859204C696E6B207374617574DA
:1008A000732E0D0A0057495A4348495020496E6932
:1008B0007469616C697A65642073756363657373C9
:1008C0002E0057495A4348495020496E697469615E
:1008D0006C697A6564206661696C2E004F4646003B
:1008E0004F464600544D4F444500534D4F4445003C
:1008F0000454053D1700000602000B080C000D21F2
:100900000E6B0FD0105C11041206132214F80A00AB
:10091000154421B622101818192E1ABF1B431C09A2
:100920001DB523EA242A2500261F29592C812D359F
:100930002E0907040800090006FF3EC2FF047605E1
:10094000961700000602000B080C000D210E650F23
:100950006A106A114A1206132214F80A0015472178
:10096000B622101818192E1A6D1B041C091DB2236B
:10097000EA242A2500261F29592C812D352E090706
:10098000040800090006FF3EC2FF11241FBECFEF7E
:10099000CDBFDFE3DEBF00E00CBF18BE19BE1ABE3C
:1009A0001BBE13E2A0E0B0E2ECE2F0EB00E00BBF14
:1009B00002C007900D92A439B107D9F71BBE2EE3F0
:1009C000A4E9B3E201C01D92AB3BB207E1F7EBD162
:1009D0000C94FA5715CB809150008460809350009E
:1009E0008091510082FFFCCF809150008160809304
:1009F00050008091510080FFFCCF80915600809381
:100A0000560081EA80936D0087E080936E0081E05C
:100A10008093680088E18093550080915000806148
:100A2000809350008091510084FFFCCF8091500052
:100A30008260809350008091510081FFFCCF8091B3
:100A400056008093560082E1809365008AE7809388
:100A5000660081E0809360009FB7F894A0E4B0E066
:100A600028ED30E01BBEFD0124BF80839FBF8FE3D4
:100A70009FE10197F1F700C000008091400087E0FE
:100A80008093A20088ED84BF83E2809380008091F0
:100A9000820080FDFCCF089581E08CBFE0910020B2
:100AA000F0910120199508958091780083FF0FC07F
:100AB00083E390E093D5811551F0809178008860B0
:100AC0008093780060E083E390E081D5E5CF0895DE
:100AD000E0E4F6E080E18183858380EB818380E43C
:100AE000828381E58093C00808958093C308809134
:100AF000C20887FFFCCF8091C30808958091080643
:100B00008295817008958091080685FB882780F979
:100B100008951092000A1092010A8093260A909379
:100B2000270A1092200A1092210A80910C0A8160F3
:100B300080930C0A88E08093000A80910C0A80FD63
:100B400002C0A895FACF1092000A0895CF93DF93C0
:100B5000EC018134910570F488EE93E09C01C29F12
:100B6000C001C39F900DD29F900D1124D2DFDF9161
:100B7000CF91089588EE93E0CCDF2197D9F7F7CF96
:100B8000E0E0F8E010A211A288E080832FE33FE1CB
:100B900026A337A3118291E09683E0E4F8E010A247
:100BA00011A290832FE130E026A337A398EC909315
:100BB0008001E0E4F9E010A211A2808380E593ECCB
:100BC00086A397A3168208950895CF92DF92EF929D
:100BD000FF921F93CF93DF93EC016A017B01122FE9
:100BE000D701C601B695A79597958795BC01CD010C
:100BF00060587B47814E9F4FA70196010E947D510F
:100C0000215031093F832E8383E08D8388E18C83DB
:100C100080E8C81680E7D806E104F10409F495C01D
:100C200008F050C080ECC81682E1D806E104F10457
:100C300009F48FC068F580EBC81684E0D806E1049B
:100C4000F10409F48AC0C8F48CE2C81681E0D80621
:100C5000E104F10409F485C039E188E5C81682E0B1
:100C6000D806E104F10409F479C0DF91CF911F9116
:100C7000FF90EF90DF90CF90089580E6C81689E04E
:100C8000D806E104F10489F73CE090E086E056C024
:100C900080E4C81688E3D806E104F10409F463C0CF
:100CA000C1148BE4D806E104F10409F460C080E8C3
:100CB000C81685E2D806E104F104B9F63CE090E0FC
:100CC00084E03CC0C1148CE2D80681E0E806F1045F
:100CD00009F451C0D0F48DE3C81686E9D806E104C2
:100CE000F10409F44CC0C11481EED806E104F1040A
:100CF00009F449C0C11486E9D806E104F10409F0F9
:100D0000B4CF3CE090E082E019C0C11484E8D8067A
:100D100083E0E806F104D9F1C11488E0D80687E041
:100D2000E806F104C1F1C11482ECD80681E0E806BE
:100D3000F10409F09ACF33E890E08DEF3E8382957D
:100D4000807F892B8F831D8390CF39E890E08FEFD0
:100D5000F5CF3CE090E085E0F1CF3CE090E087E02B
:100D6000EDCF3FECF7CF3AE890E080E0E7CF3CE012
:100D700090E083E0E3CF3CE090E081E0DFCF3AED2C
:100D80009CE08AEFDBCF37E890E08EEFD7CF3BE7F0
:100D900090E08CEFD3CF3BE690E08BEFCFCFE9D262
:100DA00080E090E0089580DE16DE0EDFE9DE60E090
:100DB00070E08FEC96E00E945B54C4E0C093810623
:100DC00087DE9CD50E941031F9D50E943C2D0E94EF
:100DD0007F2A78940E94E1200E9466118AEB98E2B3
:100DE00080937F289093802885E080939D23C093F3
:100DF000860614D0E6D50E9414300E9459135BD2A7
:100E00000E94A1230E945D240E94CB270E94A4324D
:100E10000E94552B0E94B3180DD0ECCF80E592E0D4
:100E2000CBD2D7D28EE992E20E94EE3482EA92E2ED
:100E30000C948F110895EF92FF920F931F93CF930D
:100E4000C82F8A3008F0C8E028E0C29FC0011124F2
:100E5000FC01E354FD4F7F010BE210E0F7016491C8
:100E6000C8010F5F1F4FB3D3FFEFEF1AFF0A033321
:100E70001105A1F7C55061E1C53008F067E184E2D2
:100E800090E0A5D3CF911F910F91FF90EF9008951F
:100E90000F931F93CF93DF9304E912E0C2E0D0E0F9
:100EA000F8016491CE01219692D30F5F1F4FCB3290
:100EB000D105B1F70BE612E0C7E3D0E0F801649189
:100EC000CE01219684D30F5F1F4FC036D105B1F7F5
:100ED00088E0B1DFDF91CF911F910F9108951F93AB
:100EE000CF93DF93C0E4D6E010E11E83806CFDDD7C
:100EF00080E0FBDD1D83DF91CF911F9108950F935B
:100F00001F93CF93DF93C62F00E416E0D0E1F801E2
:100F1000D6838064EADD8C2FE8DDF801D583DF918C
:100F2000CF911F910F9108951F93CF93DF93C0E44A
:100F3000D6E010E11E83D9DD1D83DF91CF911F9193
:100F400008950F931F93CF93DF93EC0110926625C2
:100F500010E11093410610920B06109345068EE1A6
:100F600090E0D7DD109346068EE190E0D2DD10933D
:100F700045068DE290E0CDDD80E3D6DF84E690E0AB
:100F8000E5DD1093460680E4B0DD8E01075D1F4F5E
:100F9000CE01219623D3A9DD0C171D07C9F780E1E7
:100FA00080934506809346068EE79FDDCBE2D0E036
:100FB000CE01219613D399DDC333D105C9F780E162
:100FC0008093450683E3B0DF81E090E0BFDDDF91F1
:100FD000CF911F910F910895A1E0B0E0E2EFF7E00B
:100FE0000C94BF5122E0298341E0BE016F5F7F4F27
:100FF00001966ED289811FDF82E090E0A2DF219608
:10100000E2E00C94D851CF9310920B0686E38CDF6C
:10101000CFEF85E389DF8077803229F08AE090E0A6
:1010200078DDCA95B1F7CF910895CF93CFEF84E3E0
:101030007BDF8077803129F08AE090E06ADDCA9515
:10104000B1F780E280930B06CF910895A2E0B0E063
:10105000ECE2F8E00C94BD518C01FC0181818737F2
:10106000F1F441E0BE016F5F7F4FC801029630D2BC
:10107000892BA9F041E0BE016E5F7F4FC801049645
:1010800027D2892B61F06A81898139DF83E34CDFC4
:10109000CCDF898119D28A8117D29BD118C041E057
:1010A000BE016E5F7F4FC801019612D2892B79F085
:1010B0008A81893981F410E0812F11DF05D2812FD7
:1010C0008770873009F485D11F5F1033A9F7229606
:1010D000E4E00C94D65103DF182F83E44AD18A81CF
:1010E000F3D187E692E068D1812FEED183E692E0DA
:1010F00063D140E262E0812F90E06FD1CECF86E3F2
:1011000013DF10929423109264251092662508959F
:1011100082E090E016DF81E08093942310926425B2
:101120001092662508950F931F93CF93DF93D82FC6
:10113000C0E0062F10E085E3D2DE8D1751F0C80124
:10114000E8DCCA95C1F781E0DF91CF911F910F9143
:10115000089580E0F9CF85E2C2DE8F3311F080E0A0
:10116000089586E3E1DE80919523811112C084E128
:1011700093E022D183E3D8DE64E081E0D4DF85E22E
:10118000AEDE8F3361F780919523811529F081E0E0
:1011900008958DE3C9DEEECF8DE093E00DD1F7CF5A
:1011A00085E39DDE8D3051F485E299DE8F3331F495
:1011B000D2DF84E3B9DE80778031D9F708951F92BA
:1011C0001FB61F9211248F9388B78F9318BE89B7CB
:1011D0008F9319BE8BB78F931BBE9F93AF93BF9313
:1011E000EF93FF938091972390919823A091992357
:1011F000B0919A230196A11DB11D809397239093DE
:101200009823A0939923B0939A23809196238F5F7C
:1012100080939623E0E2F5E2808191811816190609
:101220001CF4019780839183369685E2E833F807B2
:1012300099F78091592590915A25009729F00197A7
:101240008093592590935A25FF91EF91BF91AF91CB
:101250009F918F918BBF8F9189BF8F9188BF8F9105
:101260001F901FBE1F901895FC018FB7F8944091F6
:101270009723509198236091992370919A234083EA
:101280005183628373838FBF0895A4E0B0E0EBE4E1
:10129000F9E00C94BF51CE010196E6DF8C8114D1A8
:1012A0008B8112D18A8110D189810ED192D024965E
:1012B000E2E00C94D8510F931F93CF938091972322
:1012C00090919823A0919923B0919A2320919C23E7
:1012D000281709F447C08091972390919823A091F3
:1012E0009923B0919A2380939C23A89500E215E25C
:1012F000C0E0F80180819181892B19F48C2F0E9424
:101300009F22CF5F0A5F1F4FC43099F78091592504
:1013100090915A25892B11F40E94FD2280919623E9
:101320008D3700F1109296230E94FE50809102208A
:1013300081FF03C084E08093870680919F23909172
:10134000A0238438F3E09F0728F4019680939F231D
:101350009093A02380919B2391E0980F8B3331F0E1
:1013600090939B23CF911F910F91089510929B23EF
:10137000F9CFCF93C82F80919D2382FF04C06C2F9B
:1013800081E39CE298D38091453A843041F4809186
:101390009D2380FF04C06C2F87EF96E28CD3CF9102
:1013A0000895CF93DF93EC018991811103C0DF9100
:1013B000CF910895DEDFF8CFCF93DF93EC01FE01EC
:1013C0008491811103C0DF91CF910895D2DF2196DE
:1013D000F6CF8DE0CEDF8AE0CCCFA6E0B0E0E3EF41
:1013E000F9E00C94BB51FC01262F1E828E010A5F8E
:1013F0001F4F35E08AE0E82EF12CCF01B7010E94A3
:1014000056513150805DD8018E938D01CF01FB0183
:101410000A97A0F4832F2550622F630F615067FD58
:1014200002C081110FC09E012F5F3F4F280F311D59
:10143000C901B7DF2696E6E00C94D4513111DDCF17
:1014400080E0E9CF8150FE013196E80FF11D408325
:10145000E5CFA5E0B0E0EFE2FAE00C94BF519C01CB
:101460001D8253E0561B922F9F709A3020F5905D9D
:10147000852F860FFE013196E80FF11D9083F9014B
:1014800094E0F695E7959A95E1F7615020313105A2
:1014900080F4615067FD02C081110FC09E012F5F73
:1014A0003F4F280F311DC9017CDF2596E2E00C94E7
:1014B000D8519F01D8CF995CDBCF8150FE01319686
:1014C000E80FF11D4083E5CF40E362E090E0C1CF3B
:1014D000CF93DF93EB01FB0130E020E0DC018D9145
:1014E0008115D9F0813640F080529FEB980F9630ED
:1014F00080F48753282B05C090ED980F9A30A8F7F9
:10150000292B311581F021934A9539F030E020E004
:101510000DC0803259F08A3349F0CF018C1B9D0BEE
:10152000DF91CF9108952295207F31E0CD01D6CF74
:10153000CF93DF93C82F592FDB01CB0130E020E0A0
:101540006AE0EC2FF52F519151110CC0311529F0A3
:10155000411519F0FC012193CF018A1B9B0BDF91F0
:10156000CF91089530ED350F3A3040F4269F300D7D
:101570001124232F31E0CE2F5F2FE3CF503211F013
:101580005E3259F730E04115B1F3EC012993CE01F9
:10159000415030E020E0EFCFDB0120E030E04AE0D6
:1015A000FC018191811103C02D933C93089590ED2E
:1015B000980F9A3050F4429FB001439F700D112450
:1015C0008053990B9C01260F371FCF01E9CF0E9452
:1015D000AF578091CF0187FDFCCF08950C949F57A2
:1015E00008950F931F93CF93C62FC15020F4CF912E
:1015F0001F910F9108958C010F5F1F4FEFDF64DF84
:10160000C11511F08AE3B5DEC801EFCFABE0B0E061
:10161000ECE0FBE00C94BE51FC018181883791F530
:101620008281811509F43BC08381811509F437C09B
:1016300041E0BE01655F7F4FCF01029649DF8B8598
:1016400043DF8CE393E0B8DEBE016F5F7F4F8B8595
:101650000E942C31811571F089E393E0ADDE0DC05D
:10166000FE013196E80FF11D80812EDF80E281DEE0
:101670008B858F5F8B878A3098F3ABDE2B96E3E008
:101680000C94D7518D3429F466E08AEF97E0A9DFF6
:10169000F4CF803521F460E18AED97E0F8CF1A822B
:1016A000198242E0BE016F5F7F4FCF01019610DFCC
:1016B0008230D1F48A818B8790E090DF182F82E509
:1016C00058DE8B8540E364E090E0C3DE85E393E081
:1016D00073DE812FF9DE81E393E06EDE40E262E0AB
:1016E000812F90E07ADEC9CF8981E5CFA6E0B0E016
:1016F000ECE7FBE00C94B7518C01FC018181883749
:1017000001F58281811509F45EC08381811509F498
:101710005AC08481811509F456C041E0BE016F5F53
:101720007F4FC8010396D4DE41E050E0BE016F5FF9
:101730007F4FF80182810E9456312696EAE00C9490
:10174000D051893609F03FC082818D3671F446E070
:10175000BE016F5F7F4FC8010396BADE82E046E0AC
:1017600050E0BE016F5F7F4FE6CF843649F4BE0183
:101770006F5F7F4FC80103960FDF83E041E0F0CF3A
:10178000813651F444E0BE016F5F7F4FC80103967C
:10179000CFDE84E044E0E4CF8E3649F444E0BE017D
:1017A0006F5F7F4FC8010396C3DE85E0F3CF8736B6
:1017B00009F0C3CF44E0BE016F5F7F4FC8010396BD
:1017C000B7DE86E0E7CF43E0CE0101967C01BC01A5
:1017D000C80101967DDE9C01BE2CAF2C823008F43E
:1017E000ACCFC980D12C823029F0C980DA80DC24CA
:1017F000CD24DC247901FF24FE01E20FF11D60817C
:10180000C601E5DEEE0CFF1C9FEFE91AF90AE00EB7
:10181000F11EF7018081811509F48FCF41E06B2D16
:101820007A2DC70155DE892B09F487CFEFEFCE1A49
:10183000DE0A6981C601CBDEF2E0EF0EF11CE9CFD2
:1018400041E062E070E2019643DE6091022084E0B4
:1018500060FF05C08093850684E390E0B8CE809356
:101860008606FACFA1E0B0E0E8E3FCE00C94BF51BB
:101870001982009731F041E0BE016F5F7F4F019602
:1018800027DE89818F3F09F4FFCF811521F061E0C8
:1018900083E390E09CDEF89488ED93E008B618BEF0
:1018A00084BF909380008091820081FDFCCF08BEB0
:1018B000FFCFCF93DF93EC0162E080E090E087DE22
:1018C00063E481E090E083DEE3DA60E080E690E0CC
:1018D0007EDE60E081E690E07ADE60E083E390E027
:1018E00076DE62E084E390E072DE8981883719F069
:1018F00080E090E0B7DFDF91CF91089580E090E045
:101900006DDE823029F481E090E068DE833419F0E6
:1019100080E090E0CEDF84E390E060DE8093022000
:101920000895FC018181883421F489E293E044DD4B
:1019300050CD8BE193E0FBCFCF93809175259091B3
:1019400076258038914038F48EE190E20E941B3D6C
:10195000BC0197FF1CC08CE99CE080937D2890938C
:101960007E28E0917F28F091802881E01995809170
:101970001F200E94183A8091FB269091FC26892B0B
:1019800021F00E943D3A811117C0CF91089581E75F
:1019900095E291D0D2CF87EF96E2ADD0682F8EE15D
:1019A00090E20E949C3C8091FB269091FC26892B22
:1019B00061F3CA9581F7E9CFC1E4F5CF0C94C83B38
:1019C0000895BADF8EE190E20E94023D83E090E24A
:1019D0000E94023D0C94D838089508958EE190E25B
:1019E0000E94783C83E090E20C94783C8EE190E297
:1019F0000E946B3D83E090E20C946B3DFC01808182
:101A00008230E9F4818D40E3813039F041E0823069
:101A100009F040E04295440F407E808D823009F409
:101A20004860828D8830A1F058F4863069F08730A4
:101A300069F064897589868997890C94B72C089513
:101A40008930B9F74760F5CF4160F3CF4260F1CFFD
:101A50004360EFCF9C01DA01832F992782309105F3
:101A600029F18330910549F0019791F482E190E0EA
:101A70002FEE33E02D933C930895C901992721302F
:101A800061F08230910579F0E8E6F3E0892B39F0D6
:101A900080E090E020E030E0EDCFE0E5F3E08491FD
:101AA00090E09F01E7CFE0E4F3E0F9CF83E890E036
:101AB0002CE633E0DFCFFC012FB7F89484819581C9
:101AC000803831E0930710F02FBF0895019684838A
:101AD000958380819181AC014F5F5F4F408351833B
:101AE0008E0F9F1FDC0116966C934038514061F7B2
:101AF00010821182E9CFFC012FB7F894848195817F
:101B0000009719F42FBF80E008950197848395838F
:101B100082819381AC014F5F5F4F428353838E0F6D
:101B20009F1FDC0116968C914038514011F41282AF
:101B300013822FBF0895CF93DF93FB01DA019C91AD
:101B4000811569F0EB01C90FD11D41E050E0022E73
:101B500001C0440F0A94EAF78881842B88832115F9
:101B600031F02150822F90E0DF91CF9108959F5F57
:101B70009C3008F49C93E90FF11D108227E0F2CF0E
:101B8000CF93C82F80E1809305069091A223C111C5
:101B900002C09091A42320E1929FC00111240E94D1
:101BA000890580E1809306068091A123C11102C0BE
:101BB0008091A32320E1829FC00111240E94890506
:101BC000CF910895A5E0B0E0E8EEFDE00C94AF51B0
:101BD0004C01362EC42EA22E502E82E0840F809F00
:101BE000802D1124082E000C990B20919F233091F9
:101BF000A0232817390738F481E094E0DDDB25962F
:101C0000E2E10C94C851281B390B20939F23309399
:101C1000A02384E08093850640906625411439F026
:101C20001092662583EA92E27AD344244394809109
:101C30009423811101C06CDAE6D9632C712CD12C6C
:101C400001E010E0B12C8E2D90E089839A831B82F5
:101C5000EB810E2E001C0008E615070464F1311418
:101C600011F081E08DDF212CE22D022C000CFF0B06
:101C7000EC83FD83EC15FD0524F187E0F82EE80DDB
:101C8000F91DEC83FD830F2C001C0008AF14B00479
:101C900094F189819A810E94A6055A94C1F6809197
:101CA000A6238115A9F1C1D941100E94EC2584E039
:101CB00080938606A4CF80E063DF9B819F5F9B8338
:101CC000C7CF97E0E92EF12C8C819D81880D991D5D
:101CD0008C839D83C8010E2C01C0880F0A94EAF7FB
:101CE000EC81FD81908189234BDFF1E0EF1AF1084F
:101CF00088F72394B9CFC8010F2C01C0880F0A942C
:101D0000EAF7EC81FD81908189233ADFFA94BBCF19
:101D100086E30AD9C9CFADE0B0E0E1E9FEE00C947A
:101D2000B4517C01162F842F022F6701C60ED11CDF
:101D3000462FB7010AD3F60180831F5F1D861982E3
:101D40007E2C670127E0AA24A394B12C8C2D87193F
:101D50008117C8F0211509F444C0215089E180930E
:101D6000A3238093A42385E28093A1238093A223BD
:101D70008AE0E82E4D856CE0CE01019623DF2D969A
:101D8000EDE00C94CD5197E0892E912CF601F08076
:101D9000C501082C01C0880F0A94EAF7AE01435F21
:101DA0005F4FBE016F5F7F4F8F21C5DE282FF1E0AF
:101DB0008F1A910858F78F2D082E029480258C5F7A
:101DC0008B7F8A5F83FD8395AE01435F5F4FBE01CA
:101DD0006F5F7F4F8170AFDE282FEFEFCE1ADE0AE4
:101DE000B5CF8D858F5F8D8727E0B8CFACE0B0E0B1
:101DF000ECEFFEE00C94BD51162F042F4BE0BE011A
:101E00006F5F7F4F019664DB682F202F412FCE013B
:101E1000019681DF2C96E4E00C94D65143E066E015
:101E2000E5CFEF920F93CF93DF93CDB7DEB76097F7
:101E3000CDBFDEBF40E1BE016F5F7F4F019648DB43
:101E400069814A810B818C818093A4238D81809349
:101E5000A3238E818093A2238F818093A123E02EE0
:101E6000E2948FE0E8220F70242F2F7042954F707C
:101E7000CE010896A7DE6096CDBFDEBFDF91CF9181
:101E80000F91EF900895A9E1B0E0E9E4FFE00C9430
:101E9000B3514BE0BE016F5F7F4F019619DB182FE6
:101EA000893009F053C089E18093A3238093A42350
:101EB0008093A22382E38093A12369E0CE0101965F
:101EC0004FD2FE013196E10FF11D8083198E1D86E0
:101ED0008E010F5F1F4F5E018BE0A80EB11C27E043
:101EE0007E01EDE0EE0EF11C88248394912CC12C30
:101EF000D12CC4010C2C01C0880F0A94EAF7F80118
:101F00009081AE01475E5F4FB701892314DE282F11
:101F1000FFEFCF1ADF0A370188E0C816D10449F76E
:101F2000AE01475E5F4FB70181E005DE282F0F5FEE
:101F30001F4FA016B106D9F6811561F021508AE035
:101F4000E82E03E0498D6CE0C3013CDE6996EEE0CB
:101F50000C94CC51898D8F5F898F27E0F0CFA9E158
:101F6000B0E0E5EBFFE00C94B1514BE08E010F5F68
:101F70001F4FB8010196ACDA782E85E38093A42335
:101F800096E19093A3239093A2238093A123672D9E
:101F9000C801F2D1F801E70DF11D80837394198E09
:101FA0001D86780127E06E0189E1C80ED11CAA24A4
:101FB000A394B12C8E2D801B871560F08AE0E82E4B
:101FC00003E0498D6AE0CE010D96FCDD6996E0E103
:101FD0000C94CA51812C912CF7015080C501082C1A
:101FE00001C0880F0A94EAF7A601BE01635F7F4F24
:101FF0008521A1DD282FFFEF8F1A9F0A4C2C6D2C15
:1020000084E08816910441F7A601BE01635F7F4F0B
:1020100081E091DD282FC501082C01C0880F0A94AA
:10202000EAF7442D562DBE01635F7F4F852183DD86
:10203000282FEFEF8E1A9E0AF8E08F16910459F7B9
:10204000442D562DBE01635F7F4F81E074DD282F44
:102050008FEFE81AF80AAECFEF920F93CF93DF938A
:1020600000D00F92CDB7DEB743E0BE016F5F7F4F68
:1020700001962EDA8AE68093A42394E29093A32318
:1020800091E29093A2238093A12380E88C838FE038
:10209000E82E03E026E043E060E0CE01019692DD09
:1020A0002496CDBFDEBFDF91CF910F91EF900895C1
:1020B00010924609E091DA238CE1E89FF0011124A7
:1020C000E552FC4D10820895FC018181843108F0B5
:1020D000EFCF9381611581F0DF01A80FB11D41E0C1
:1020E00050E0092E01C0440F0A94EAF714962C918F
:1020F0001497242B14962C93911519F091509383D7
:10210000089597E093838F5F8183E80FF11D148218
:102110000895AF92BF92DF92EF92FF920F931F93B9
:10212000CF93DF93FC011092C2231092D7235181E9
:10213000550F550F550F8381581B595F1092C323BC
:1021400090E080E047E077E0F12C20E037E0A32E3C
:10215000B12CA1E0B0E0EE24E394E20E251780F06C
:102160009093D7238093C2235E1538F5653409F028
:102170006CC04F3F09F069C09F5F9093D72367C041
:102180009F012F0D311DE9012C8130E0072E02C087
:10219000359527950A94E2F72170711581F07150F9
:1021A0006B3481F4433009F060C0811127C02111E4
:1021B0006AC09093D7231092C22380E04CC0F3945E
:1021C00077E0EECF4F3FD9F4663409F050C0092FC5
:1021D00010E00D531C4DE8013881032E0294302588
:1021E0003C5F3B7F3A5F33FD33953170231709F431
:1021F00041C09093D7238093C223DFCF80E0211585
:10220000A1F0292F30E02D533C4DE901D880042F57
:10221000042E000C110B663459F48D01042E01C0FC
:10222000000F0A94EAF7D02AD8824150282F2BC0F9
:10223000E501C01BD10B8E01ED0102C0CC0FDD1FEB
:102240000A95E2F7DC2AE901EFCF811195CF81E011
:10225000911509F4B2CFDF91CF911F910F91FF90AB
:10226000EF90DF90BF90AF9008954F3F41F621155A
:1022700009F4BFCF9F5F292F30E02D533C4DE9017A
:102280001882282F47E0822F2E2D65CFE62FF0E011
:10229000A22FB0E0621B770B655F7F4F673171053E
:1022A00098F4682F70E0242F30E0841B990B0B9674
:1022B000479750F4E60FF71FA20FB31FEA1BFB0B63
:1022C0003B9681E0779708F080E00895E0E0F6E043
:1022D00080E18183868380E28283158A81858C6098
:1022E000818782EC91E080939F239093A023EBED74
:1022F000F3E2148E10AE10922F24109294230895BE
:102300008091D53681110AC08091A623811521F0D4
:102310000E9488080C9415080C947F080895FC010D
:10232000818181110BC08091A623CED840E265E067
:1023300080919F239091A02350D84BC841E066EA3A
:1023400073E2CF010196C4D8DBCF9B01411101C0DC
:1023500008954150F901E40FF11D9081890FF6CFE6
:102360009C0180E0611101C008956150F901E60F00
:10237000F11D90818927F6CFAC01F091C223362F51
:1023800085E090E0311105C0890F8295807F892B0F
:1023900008957FEF730FDA01A70FB11D2C91E22F83
:1023A000E295EF709E278E0FF11511F0361719F098
:1023B0002F709227820F372FE5CFFC0122813381C6
:1023C000A081B181A20FB11D8C9190E0032E02C0BB
:1023D000959587950A94E2F781709FEF930F938309
:1023E000311104C02F5F228397E093830895A0E00A
:1023F000B0E0EDEFF1E10C94B751B82EA92EE42E28
:10240000062F10E0E801F12CCC24C394D12C2097A6
:1024100031F48F2DCDB7DEB7EAE00C94D0518B2D7F
:102420009A2DCBDFAE0141505109811549F0E114DD
:1024300049F09601042E01C0220F0A94EAF7F22A0D
:10244000EA01E5CF98012C1B3D0BC60102C0880FA5
:10245000991F2A95E2F79C01F2CFA4E0B0E0E3E3F4
:10246000F2E10C94B951FC011B8287E08C83CF010F
:10247000049689839A831092D723818128E0829FD2
:10248000C0011124438127E030E0241B3109820F71
:10249000931F853491050CF441C083ECC82E83E270
:1024A000D82EE12CF12C40E068E0CE0101969FDFB0
:1024B000182FF60181936F01082F002E029400253A
:1024C0000C5F0B7F0A5F03FD0395CE01019675DF5C
:1024D0000170801323C0CE0101966FDF81111EC0F1
:1024E000E126F394F092D723F6E0FF12DCCF40E030
:1024F00068E0CE0101967BDF082F182F012E029491
:1025000010251C5F1B7F1A5F13FD1395CE010196EA
:1025100054DF1170811302C081E00E1180E0249617
:10252000E8E00C94D251AF92BF92CF92DF92FF922B
:102530000F931F93CF93DF9300D00F92CDB7DEB7E9
:10254000FC011B8287E08C83CF01049689839A83E8
:102550008081853009F040C0818128E0829FC001E0
:102560001124438127E030E0241B3109820F931F9F
:102570008039910589F533ECA32E33E2B32EF12C8B
:102580004FE0C42E40EFD42E19E8F092D723F394F5
:10259000F0E141E068E0CE010196FF122BC027DF99
:1025A0008601080F111DF092D72380958093D223C6
:1025B00041E068E0CE0101961ADF90E0982F88276D
:1025C000081B190B41E068E0CE01019610DF982F3F
:1025D00081E09017110609F080E02496CDBFDEBFA0
:1025E000DF91CF911F910F91FF90DF90CF90BF901F
:1025F000AF900895FCDEC80ED11C1827F501119389
:102600005F0114E2180FC1CFEF92FF921F93CF9397
:10261000DF9300D00F92CDB7DEB7FC011B8287E0BD
:102620008C83CF01049689839A8381818430F1F46D
:1026300083818130D9F483ECE82E83E2F82E10E018
:102640001093D72341E01430D9F467E0CE0101960E
:10265000CEDE880F8093C72385E08093D7239091A7
:10266000C32392959F7081E09A3009F080E0249610
:10267000CDBFDEBFDF91CF911F91FF90EF90089506
:1026800011110AC067E0CE010196B1DE8068F70142
:1026900081937F011F5FD4CF68E0CE010196A7DE52
:1026A000F6CF8091A52380FD03C084608093A5238D
:1026B00008958F929F92AF92BF92EF92FF920F93E5
:1026C0001F93CF93DF930F92CDB7DEB7198280911E
:1026D000A7238115A1F18091A62387FF14C084E36D
:1026E0000E946F078058803408F441C0803C08F095
:1026F00040C08055990B23E0959587952A95E1F781
:102700008F590E94B9098091A62383FF16C082E7E2
:102710000E94B9098091A62384FF04C08091A82358
:102720000E94B90986E60E94B9098091A62384FF18
:1027300004C08091A7230E94B9091092A723809119
:10274000D823811509F432C184E080938506009175
:10275000D9232CE1029F8001112405521C4DC80190
:10276000E2DE811509F402C283E5898313C080E0AB
:10277000C7CF8FE0C5CF282F30E02F5F3F4FE21645
:10278000130609F01FC194E0F91608F41BC196E482
:1027900099838083F980F11409F487C09091A6236E
:1027A00090FF83C08091A5238A7F8093A523292F42
:1027B000227091FD27C08091D7233091C123EDEA8B
:1027C000F3E2A3ECB3E2381709F49AC143EC53E205
:1027D000ADEAB3E2FA012E2F241B281708F4B2C188
:1027E0008093C1234091972350919823609199231E
:1027F00070919A234093A9235093AA236093AB230B
:102800007093AC23F4E5FF121DC096FD1BC08091B0
:10281000D7238530B8F08091C5238B3471F0893689
:1028200061F09DEA980F923040F08D57823028F089
:102830008091C6238077803729F48091A523816019
:102840008093A523B801CE0101962BDF8091A523AB
:1028500082FF2BC08F2D0E94B9098091C223811560
:1028600029F08091D72381508093D723F12CE091D8
:10287000D723FE1608F469C18091C223811551F057
:10288000F0E0ED53FC4D80818F7040E361E090E01B
:102890000E94290A8091A62385FF05C084E30E9437
:1028A0006F070E94640A0E94E9098091A62382FFB3
:1028B0006AC080E70E94B909F801808140E262E0C5
:1028C00090E00E94ED09F801808D40E265E0F0E1C2
:1028D0008F9FC00111240E94ED09F801818D40E213
:1028E00065E0F0E18F9FC00111240E94ED09F8011D
:1028F000828D40E265E0F0E18F9FC00111240E94CB
:10290000ED09F801838D40E265E0F0E18F9FC001A1
:1029100011240E94ED09F801828140E263E090E019
:102920000E94ED09F801818140E263E090E00E949D
:10293000ED09F801838140E262E027E030E0F9012F
:10294000E81BF109CF010E94ED0980E20E94B9095C
:102950008091A62385FF08C084E30E946F070E9430
:10296000640A80E20E94B909F8018381873019F076
:1029700081818F5F8183F12CF8018181F81608F441
:10298000EDC00E94E909F80110828091D82381509E
:102990008093D8239091D92381E0890F933009F453
:1029A00080E08093D92384E0809386060F90DF91A6
:1029B000CF911F910F91FF90EF90BF90AF909F909C
:1029C0008F9008954F2D63EC73E28CE0BEDCE8122B
:1029D00005C0E4E084E5FE1608F0C7CE65E4C80152
:1029E00098DB811154C0C80138DD811162C0C80173
:1029F0000BDE811160C0F801638DE090A823262FC3
:102A00004E2D828D43DC682FC8015EDB6BE4C8016C
:102A100080DB811152C0F801838191E0980F93838C
:102A2000873029F4F8018181138281508183F80174
:102A30008181843009F0AECEF8018381843009F0C1
:102A4000A9CE2EE14CE3618D808D20DC811509F447
:102A5000A1CE2EE14E2DF801638D828D17DC682FFB
:102A6000C80132DBF80184818093C3238581809380
:102A7000C42386818093C52387818093C623808564
:102A80008093C72385E08093D72382E56ECE809123
:102A9000D72381508093D723893009F0A4CF69E0F0
:102AA00083EC93E25DDC9091CC2389139CCF85E489
:102AB0005CCE88E45ACE84E758CEE091D723FF2439
:102AC000FA94FE0EF092D7236F2D83EC93E254DC40
:102AD0009091C2232F2D291B330BF901ED53FC4D8F
:102AE0009081891398CF8BE440CE41913D912F5F27
:102AF000431731F02091A5232D7F2093A52366CE87
:102B00008213F3CF8093C123409197235091982350
:102B10006091992370919A238090A9239090AA2381
:102B2000A090AB23B090AC23481959096A097B09DE
:102B3000463251056105710508F048CE2091A52364
:102B40002160DBCF21912D9346CEEF2DF0E0ED53A8
:102B5000FC4D80810E94640AF39489CEF801EF0D48
:102B6000F11D84810E94640AF39406CF66E4C801D3
:102B7000D0DA811509F432CFF090D723FA94F0928D
:102B8000D7234F2D63EC73E286E0DFDBEF2DF0E01F
:102B9000ED53FC4DE080E812EECD34E0F31608F47E
:102BA000EACD86E4E2CD1F920F920FB60F92112468
:102BB00008B60F9218BE09B60F9219BE0BB60F9247
:102BC0001BBE2F933F934F935F936F937F938F938E
:102BD0009F93AF93BF93EF93FF9310924609809119
:102BE000A62383FF03C08EE20E94B9099091DA23E5
:102BF0008CE1989FF0011124E552FC4D80818330D7
:102C000018F081818230C0F453DAFF91EF91BF91C7
:102C1000AF919F918F917F916F915F914F913F9174
:102C20002F910F900BBE0F9009BE0F9008BE0F9012
:102C30000FBE0F901F9018958091D823833049F4D0
:102C40008091A62382FFE0CF88E094E00E94DC0917
:102C5000DBCF8F5F8093D82381E0890F933019F009
:102C60008093DA23D2CF1092DA23CFCF1F920F9224
:102C70000FB60F92112408B60F9218BE09B60F9224
:102C800019BE0AB60F921ABE0BB60F921BBECF9298
:102C9000DF92EF92FF920F931F932F933F934F93E7
:102CA0005F936F937F938F939F93AF93BF93CF93D4
:102CB000DF93EF93FF9380916225811521F182E0EC
:102CC00080936225FF91EF91DF91CF91BF91AF91FA
:102CD0009F918F917F916F915F914F913F912F9134
:102CE0001F910F91FF90EF90DF90CF900F900BBE50
:102CF0000F900ABE0F9009BE0F9008BE0F900FBE36
:102D00000F901F901895C0906009D0906109F4E071
:102D1000D694C794FA95E1F78C2DC091DA232CE173
:102D2000C29FE0011124C552DC4D9881943031F4EA
:102D30008E3240F28F3448F0BBD9C4CF953029F49D
:102D4000873108F4BFCF8832F6CF0E948305F88020
:102D50009CEF9F0D81110CC0923038F461E0CE01E0
:102D6000B3D91092600910926109C092A823AACF2A
:102D70000091A8231C2D101B1093A723109260090B
:102D800010926109923020F460E0CE019DD99ACF73
:102D900080914C09816080934C09F1100DC005367B
:102DA00008F090CF153608F08DCF088F198F81E08D
:102DB0008A8382E0888386CF32E0F3125BC0F88C8E
:102DC000E98C212F402F6E2D8F2D60DA4A818115DD
:102DD000F1F08F2D90E09C01220F331F820F931F83
:102DE000800F911D9595879595958795888FF12CE6
:102DF000C701880F991F8E0D9F1D810F911D9595FD
:102E0000879595958795898F4F5F4A835BCF44302F
:102E100078F180EA9FE080936609909367094C30CF
:102E200050F02F2D2E0D3327331F253631052CF072
:102E300084E0888311C04A30C8F0EF0CFF24FF1CE7
:102E400035E2E316F10494F485E0888388EE93E09C
:102E500080936609909367090A8F1B8F198287E018
:102E60008B831C8281E0809346092CCF83E0E1CFE5
:102E7000188295CF212F402F6B8D8A8D07DA81150F
:102E800001F161E0CE0120D92A8D30E0C901880F1F
:102E9000991F820F931F800F911D9595879595958A
:102EA00087958A8F2B8D30E0C901880F991F820F7B
:102EB000931F810F911D95958795959587958B8F7C
:102EC00001CF212F402F698D888DE0D9811501F127
:102ED00060E0CE01F9D8288D30E0C901880F991F34
:102EE000820F931F800F911D9595879595958795D6
:102EF000888F298D30E0C901880F991F820F931F99
:102F0000810F911D9595879595958795898FDACE37
:102F100087E0F81609F4D6CE0FCF0F931F93CF9307
:102F2000DF93C0E1C093410680E280930206C09324
:102F300045068EE190E00E948905C09346068EE129
:102F400090E00E948905C09345068DE290E00E94C2
:102F5000890580E30E94940784E690E00E94890539
:102F60008091FE248933E9F4C3E7D4E005EA14E054
:102F7000FE0131966491FE0184910E947F072296A2
:102F80000C171D07A9F783E30E94940784E090E0E3
:102F90000E94A6050E941508DF91CF911F910F9105
:102FA0000895843381F4C1E4D4E003E714E0FE0122
:102FB00031966491FE0184910E947F0722960C173E
:102FC0001D07A9F7E0CF8133F1F6CFE0D4E0FE0191
:102FD00031966491FE0184910E947F072296F4E06D
:102FE000C134DF07A1F7CFCFA0E0B0E0EAEFF7E10F
:102FF0000C94B9517C01062F84E080938506809162
:10300000FE24893339F464E182E10E947F07602F56
:10301000660F6D5E86E00E947F070E94030880E1D4
:10302000809346068FE70E9475058091FE248933C0
:1030300061F0E7010E0D1F2D111DC017D107F9F02A
:10304000899180950E947505F8CFCFE086E60E94B1
:103050007505CA95D9F78AEA0E94750585E50E942B
:10306000750567010E0D1F2D111DC016D10609F043
:1030700054C080E00E94750580E00E94750580E1E3
:103080008093450685E30E946F078331D9F36FEF84
:1030900086E00E947F078091FE24893321F46EE14F
:1030A00082E10E947F070E94150884E080938606D3
:1030B000F701858186FF2CC08091972390919823FA
:1030C000A0919923B0919A230696A11DB11D8093DA
:1030D0004B2490934C24A0934D24B0934E24809184
:1030E00050248F5F80935024823090F08AE70E94B2
:1030F000B90982E70E94B909809150240E94640AAC
:103100000E94E90980915024833010F010925024DD
:10311000CDB7DEB7E8E00C94D251F601C1916F0152
:1031200080E8C7FF80E490E2C6FF90E1890F98E055
:10313000C5FF94E0890F92E0C4FF91E0890F0E94DF
:10314000750530E8C3FF30E420E2C2FF20E198E0DB
:10315000C1FF94E08C2F81708F5F830F820F890FE6
:103160000E94750582CF8091FF24811501F1809125
:1031700050248115D1F08091972390919823A091AC
:103180009923B0919A2340914B2450914C24609103
:103190004D2470914E24481759076A077B0728F47D
:1031A00060914F2481E594E21FCF8091000608953D
:1031B000FC018181823711F08D3649F492819111A1
:1031C00001C094E39093FE248093FF24A6CE83371E
:1031D00079F41092502448EA61E574E2CF01029636
:1031E0000E94680A682F80934F2481E594E2FCCE08
:1031F000893671F58281811539F045E069EF74E215
:10320000CF0102960C94680A8091FF240E94B909AC
:103210008091FE240E94B90980E20E94B909809140
:10322000F9240E94640A8091FA240E94640A809121
:10323000FB240E94640A8091FC240E94640A80E2BC
:103240000E94B9098091FD240E94640A0C94E90946
:103250001092FF240895CF93DF93C0E1C0934106FD
:1032600080E280930206C09345068EE190E00E94C2
:103270008905C09346068EE190E00E948905C093BF
:1032800045068DE290E00E94890580E30E94940744
:1032900084E690E00E948905C093460680E40E947F
:1032A0007505C5EAD4E0FE0184910E94750521965A
:1032B000F4E0C23BDF07B9F7809139200E94750521
:1032C00080913A200E94750580913B200E947505EF
:1032D000C5EBD4E0FE0184910E9475052196F4E0CF
:1032E000CE3CDF07B9F780E1809345068093460620
:1032F0008EE70E947505CBE2D0E0CE0121960E94B8
:10330000EE0A0E947505C333D105B9F780E18093B9
:10331000450683E30E94940781E090E00E94A605A1
:1033200081E080939423DF91CF910895AF92BF9273
:10333000DF92EF92FF920F931F93CF93DF93EC01F5
:1033400089818437D1F46EE370E2CE0102960E9447
:10335000CC0A40E260E080913E2090913F200E94A4
:10336000ED090E94E909DF91CF911F910F91FF9024
:10337000EF90DF90BF90AF900895833709F005C1BB
:103380008A81823769F46CE370E2CE0103960E9471
:10339000CC0A40E260E080913C2090913D20DFCF5C
:1033A00084E08093850680910225811117C0809169
:1033B0006425811529F081E0809301251092642510
:1033C00080916625811529F081E080930025109277
:1033D000662541DF83E090E00E94A60586E30E9417
:1033E00094078AE30E9494078BE30E9494070E944B
:1033F0000308D12CCE0102967C018E01025F1F4F83
:10340000C0E180913C2090913D200D2C001C0008D3
:10341000D816090668F080910225811509F499C033
:103420008091A623811509F47EC00E9415087EC0F4
:103430005701F50121915F0180913E2090913F203D
:10344000C09305062033E1F50E948905C093060666
:1034500080913E2090913F209C01220F331F820FCC
:10346000931F0E948905C093050680913E2090918C
:103470003F200E948905C093060680913E209091CE
:103480003F209C01220F331F820F931F0E9489054A
:103490000A151B0571F6C093050680913E20909198
:1034A0003F200E948905C0930606DFE180913E20FF
:1034B00090913F200E948905DA95C1F7D394A1CF5E
:1034C000213319F59C01220F331F820F931F0E9495
:1034D0008905C093060680913E2090913F200E946E
:1034E0008905C093050680913E2090913F209C0164
:1034F000220F331F820F931F0E948905C093060677
:1035000080913E2090913F20C1CF0E948905C093B9
:10351000060680913E2090913F209C01220F331F90
:10352000820F931FDCCF86E30E94940784E0809390
:10353000860689E60E94B90983E70E94B909E70176
:1035400089918033F1F40E94B9090C171D07C1F766
:1035500008CF80910125811541F0109201250E942C
:10356000052481E08093642560CF8091002581153A
:1035700029F0109200250E94EC25D8CF0E948011DE
:10358000D5CF813301F386E4DECF8237B9F4809161
:103590006425811529F081E080930125109264252E
:1035A00080916625811529F081E080930025109295
:1035B000662551DE81E080930225D5CE863651F511
:1035C0008A818033F9F480E18093392080EB809305
:1035D0003A2081E780933B2089E60E94B90986E67C
:1035E0000E94B9098AE30E94B909809139200E949A
:1035F000640A80913A200E94640A80913B200E94D4
:10360000640AAFCE43E069E370E2CE0102960E9405
:10361000680AE2CF883729F580910125811551F09C
:10362000109201250E94052481E0809364250E9468
:10363000150808C080910025811539F010920025E9
:103640000E94EC25109202258ECE82E090E00E942E
:10365000A1078091A6238111EACF86E30E949407F7
:10366000F1CF833609F07FCE6EE370E2CE01019692
:103670000E94CC0A78CEA1E0B0E0E1E4FBE10C943A
:10368000B0517C01FC018181833709F0C4C11982EA
:1036900087E090E00E94E0518C0141E0BE016F5F45
:1036A0007F4FC70102960E94680A8981F8018083D2
:1036B00041E0BE016F5F7F4FC70104960E94680A18
:1036C0008981807FD82EF801818341E0BE016F5F40
:1036D0007F4FC70106960E94680A8981F80182839C
:1036E00041E0BE016F5F7F4FC70108960E94680AE4
:1036F0008981F801838341E0BE016F5F7F4FC7017D
:103700000A960E94680A8981F801868341E0BE0119
:103710006F5F7F4FC7010C960E94680A8981F8018C
:10372000858341E0BE016F5F7F4FC7010E960E9407
:10373000680A8981F80184833801F7E06F0E711CF3
:10374000F80180E02191922F92959F70922789270E
:10375000E615F705B9F78F708D29F801818387E0A9
:1037600090E00E94E0517C0187E0F801D7010190D0
:103770000D928A95E1F798012A5F3F4FF801DF012A
:10378000319611968C9111979C9189278083E2172D
:10379000F307A9F784E080938506809105258111C0
:1037A0006FC080916425811529F081E08093042504
:1037B0001092642580916625811529F081E080931F
:1037C000032510926625B0E1DB2ED092410680E2FF
:1037D00080930206D09245068EE190E00E94890512
:1037E000D09246068EE190E00E948905D09245066F
:1037F0008DE290E00E94890580E30E94940784E6B0
:1038000090E00E948905D092460680E40E947505EA
:103810008EECC82E84E0D82EF60184910E947505A6
:10382000FFEFCF1ADF0A27EFC21624E0D206A1F776
:1038300080E180934506809346068EE70E947505D9
:10384000ABE2CA2ED12CC601EFEFCE1ADE0A0E94DF
:10385000EE0A0E947505F3E3CF16D104A1F780E1CB
:103860008093450683E30E94940781E090E00E94E4
:10387000A60581E08093942383E090E00E94A60552
:1038800086E30E9494078AE30E9494078BE30E94D8
:1038900094070E940308E0E1DE2ED092050687EC33
:1038A00094E20E948905D092060689E590E00E9484
:1038B000A60585E392E00E948905412CF0E15F2E88
:1038C0008091442090E0042C001C00084816090652
:1038D0006CF080910525811509F486C08091A6239E
:1038E000811509F45CC00E9415085CC072E0C72E07
:1038F000411411F067E0C62ED12C5092050686EFD8
:1039000099E00E9489055092060686EF99E00E9490
:103910008905D394CD10F1CF509205068CEF92E13A
:103920000E94890550920606809140209091412086
:103930000E9489056801F60181906F0148E0342EEC
:1039400050E8A52EB12C912C8091402090914120DF
:1039500094012A213B21232BD9F4509205060E9481
:1039600089055092060680914020909141200E9446
:103970008905B694A7943A9439F7C614D704D9F6B2
:103980005092060680E090E00E948905439498CF0B
:10399000509206060E94890550920506E4CF86E300
:1039A0000E94940784E08093860689E50E94B90905
:1039B00083E70E94B90967015701F7E0AF0EB11C18
:1039C000F60181916F010E94640AAC14BD04C1F735
:1039D0000E94E909C7010E947652C8010E947652EE
:1039E0002196E1E10C94C95180910425811539F0AB
:1039F000109204250AD781E08093642574CF8091CA
:103A00000325811529F0109203250E94EC25CACFC9
:103A10000E948011C7CF8237C9F464E470E2C70105
:103A200002960E94CC0A89E50E94B90982E70E94A9
:103A3000B9098AE30E94B9098091442040E260E01C
:103A400090E00E94ED090E94E909CACF843751F540
:103A50008281803301F588ED94E080934220909339
:103A600043208091422090914320969587958093A2
:103A700040209093412089E50E94B90984E70E9483
:103A8000B9098AE30E94B90940E266E080914220C8
:103A900090914320D6CF62E470E2C70102960E9463
:103AA000CC0ADFCF883709F09BCF809104258115A0
:103AB00049F010920425A9D681E0809364250E94E4
:103AC000150808C080910325811539F0109203254F
:103AD0000E94EC251092052583CF82E090E00E94A1
:103AE000A1078091A6238111EACF86E30E94940763
:103AF000F1CFCF93DF93C0E1C093410680E2809382
:103B00000206C09345068EE190E00E948905C093AD
:103B100046068EE190E00E948905C09345068DE23D
:103B200090E00E94890580E30E94940784E690E07B
:103B30000E948905C093460680E40E947505C3E78C
:103B4000D7E0FE0184910E9475052196F7E0CC39FB
:103B5000DF07B9F780E180934506809346068EE73C
:103B60000E947505CBE2D0E0CE0121960E94EE0ABC
:103B70000E947505C333D105B9F780E180934506EE
:103B800083E30E94940781E090E00E94A60581E013
:103B90008093942380931E25DF91CF910895A0E018
:103BA000B0E0E5EDFDE10C94B7518C0180911A2550
:103BB000F801838364839DE0E92EF12C20E1C22E7D
:103BC0000E94030885E30E946F07833189F086E62F
:103BD00097E00E94DC0985E30E946F070E94640A57
:103BE0000E94E90986DFCDB7DEB7EAE00C94D05138
:103BF0008091972390919823A0919923B0919A2333
:103C00008093162590931725A0931825B093192516
:103C1000C09246068FE70E9475055801F0E0CF2F4D
:103C200080E0D82F8AEAD82EF50181915F010E94A9
:103C30007505CE010196C930D1054CF4F5012291EC
:103C4000D226279711F4F801D086EC01EDCFEC01D4
:103C50000F9751F7C0924506C8EC85E30E946F07A5
:103C6000833131F481E090E00E94A605CA95A9F75E
:103C7000F1E0EF1AF10809F0A3CF80911A258F5FC8
:103C800080931A25B0CFABE3B0E0E9E4FEE10C94F9
:103C9000AF518C01FC0101900020E9F73197AF0191
:103CA000481B590B7C0182E0E80EF11C4E01EEE24C
:103CB0008E0E911CB401C7010E94680AD82E66EAD4
:103CC00072E286E490E20E943754F80131808DE878
:103CD000830DB82CC92C823008F0EDC181E08093AF
:103CE0001C2587858A3409F4D3C18EE4809345204E
:103CF000A8954090972350909823609099237090B6
:103D00009A238091972390919823A0919923B09121
:103D10009A238093162590931725A0931825B09386
:103D2000192580914520893509F04FC08AE597E033
:103D30000E94DC0983E497E00E94DC09C8010E942C
:103D4000D1098EE297E00E94DC09F8010190002081
:103D5000E9F7319740E260E0CF01801B910B0E94B0
:103D6000ED0986EE96E00E94DC09F8010190002042
:103D7000E9F7829140E260E090E00E94ED098EE96F
:103D800096E00E94DC0940E260E08D2D90E00E9408
:103D9000ED098BE996E00E94DC0984E896E00E9438
:103DA000DC0940E364E080911825909119250E9478
:103DB000290A40E364E080911625909117250E941E
:103DC000290A81E896E00E94DC09F80101900020B0
:103DD000E9F77197E017F10709F05CC142E06B2D3C
:103DE0007C2DC7010E94680A029709F053C181DE49
:103DF0002EA4B801665F7F4F45E050E0CE010196EA
:103E00000E944C541E824AE050E060E070E0CE0117
:103E100001960E9407536B017C014601570143E064
:103E2000B694A794979487944A95D1F780914520AA
:103E3000893531F58AE696E00E94DC09CE010196CB
:103E40000E94D10983E696E00E94DC098CE496E0AA
:103E50000E94DC0940E364E0D701C60133E1B69576
:103E6000A795979587953A95D1F70E94290A40E33F
:103E700064E0C4010E94290A84E496E00E94DC09FF
:103E80008FE0EFE0F2E2DE015F9601900D928A95FD
:103E9000E1F78FA588A388A989A389A98EA38E019C
:103EA000015E1F4F622DC8017ADEF3E73F1609F469
:103EB000E3C027FEE1C08091972390919823A091C1
:103EC0009923B0919A2384199509A609B7098E37C9
:103ED0009105A105B10548F440909723509098238F
:103EE0006090992370909A23A89580919723909140
:103EF0009823A0919923B0919A234091162550912F
:103F000017256091182570911925841B950BA60B18
:103F1000B70B88169906AA06BB0668F64090972349
:103F2000509098236090992370909A238091452017
:103F3000893509F07BC08DE296E00E94DC0940E300
:103F400064E0C3010E94290A40E364E0C2010E94C8
:103F5000290A85E296E00E94DC098EE096E00E9444
:103F6000DC0940E364E080911825909119250E94B6
:103F7000290A40E364E080911625909117250E945C
:103F8000290A86E096E00E94DC098FEE95E00E9407
:103F9000DC09D701C60123E1B695A79597958795CA
:103FA0002A95D1F740E364E00E94290A40E364E0E7
:103FB000C4010E94290A87EE95E00E94DC0980ED89
:103FC00095E00E94DC098091972390919823A0911D
:103FD0009923B0919A23409116255091172560910D
:103FE000182570911925841B950BA60BB70B40E380
:103FF00064E0CD010E94290A809197239091982333
:10400000A0919923B0919A232091162530911725DC
:10401000821B930B40E364E00E94290A88EC95E040
:104020000E94DC098FEB95E00E94DC0967EFC80174
:10403000B6DD409116255091172560911825709195
:1040400019258091972390919823A0919923B0915D
:104050009A23841B950BA60BB70B4597A105B105B9
:1040600080F380914520893521F486EB95E00E940C
:10407000DC0967EFC80193DD80911D25813011F4C3
:104080000E94150810921C25EB96E2E10C94C85191
:1040900089E52CCE81E995E00E94DC0940E260E0F0
:1040A0008EE090E00E94ED098DE695E00E94DC092B
:1040B00010921E25E1CF82E738123DC082818534FF
:1040C00061F410921D2586E30E94940710921B252F
:1040D0008CE595E00E94DC09D7CF833549F59381C3
:1040E00081E0913321F0923309F080E0880F8093D2
:1040F0001B2581E080931D25FCDC89E495E00E946E
:10410000DC090E94150885E30E946F078D3009F4D1
:10411000BBCF80E395E00E94DC0985E30E946F0736
:104120000E94640A0E94E909E4DC10921D25ACCFCC
:104130008EE095E0CFCF87EF94E00E94DC091092EB
:104140001E25A2CF94E0899FF0011124E85CFA4D6E
:1041500080818F3F91F080935D25818180935E25E2
:10416000828180935F2583818093602521E04CE0EC
:1041700064E08DE595E20C948B0E08950F931F93E8
:10418000CF93DF938C018091A62386FF15C084E531
:104190000E94B909E8010B5F1F4F89910E94640AD0
:1041A000C017D107D1F78091A62385FF03C08AEFFE
:1041B0000E94640A0E94E909DF91CF911F910F913B
:1041C000089585E390E00E94EE0A80935C2586E3E3
:1041D00090E00E94EE0A80935B25E9E4F5E28FEF20
:1041E000808382838483868380878287848786878F
:1041F00091E090931F25A8E3B5E28C93E0E2F5E20D
:104200002FEF3FEF208331831282138214821582B5
:1042100014968C9314972683378310861186128602
:10422000138618968C9318972487358716861786D9
:10423000108A118A1C968C93228B338B148A158AD0
:10424000168A178A0895ABE0B0E0E9E2F1E20C9437
:10425000B9517C016C012FEFC21AD20A45E0BE01B0
:104260006F5F7F4FC6010E94680A843008F088C0E3
:1042700099819130D1F4833079F46A8185E390E0BB
:104280000E94E70A6B8186E390E00E94E70A99DFCB
:104290002B96E8E00C94D25180915C250E94640A30
:1042A00080915B250E94640A29C0903151F509E490
:1042B00015E2E12CF12CF80180818F3FA1F0F1147F
:1042C00019F080E20E94B9098E2D0E94640A8AE3E7
:1042D0000E94B909F80180810E94640AF801818175
:1042E0000E94640AF3940E5F1F4FE394F8E0EF120C
:1042F000E2CF80EA97E0F11409F43FC00E94E90997
:10430000C7CF913151F48091592590915A256DE78D
:1043100070E00E945651862FC5CF923179F708E39D
:1043200015E2E12CF12CF80180818F3FE1F0F114CE
:1043300019F080E20E94B9098E2D0E94640A8AE376
:104340000E94B909F80180810E94640AF801818104
:104350000E94640AF80182810E94640AF801838144
:104360000E94640AF3940C5F1F4FE394F4E0EF1291
:10437000DACFF110C3CF8CE997E00E94DC09BECF01
:104380008E01095F1F4F44E0B801C6010E94680A10
:104390004F81493608F496C06A855885E8E3F5E20E
:1043A00020E030E080E090E06C3009F06FC080E009
:1043B00090E020E030E06081461336C071817513D3
:1043C00033C0A2817985A7132FC0885C9A4D4CE039
:1043D000FC014383C901880F991F820F931FFC01C1
:1043E000EE0FFF1FE05EFA4D10821182880F991FB9
:1043F000FC01EE5DFA4D1082118222E04CE064E097
:10440000C8010E948B0E8FE08A8722E04CE064E0B6
:10441000C8010E948B0E82E08A8722E04CE064E0B3
:10442000C8010E948B0E34CF6F3FF9F4FC01E85CA9
:10443000FA4D40835183898582838CE08383C9014F
:10444000880F991F820F931FFC01EE0FFF1FE05E84
:10445000FA4D10821182880F991FFC01EE5DFA4D12
:104460001082118210921F25C8CF2F5F3F4F3496C4
:1044700004962430310509F09ECF0ACF0196349678
:104480002C5F3F4F8430910509F402CF70814713B0
:10449000F5CF71817513F2CFA2817985A713EECF85
:1044A000285C3A4DF9016383FC01EE0FFF1FE80F12
:1044B000F91FEE0FFF1FEE5DFA4D81E090E0808363
:1044C0009183E6CEE98120915C25E21708F4E0CEE5
:1044D000822F90E007968E1791050CF4D9CE9A8121
:1044E00080915B259813D4CE9C819F3231F442E0B9
:1044F0006CE0C7010E94F60ECBCE8D819C32B9F4E0
:104500008093482521E030E02093592530935A25A7
:10451000F4E08F9FC001112420919F233091A023AC
:10452000820F931F80939F239093A023B1CEE21B11
:10453000EE0FF0E0E75BFA4D90838183A9CE0F93F5
:104540001F93CF93DF9390911F2591114AC0282F7D
:1045500030E0E901CC0FDD1FC20FD31FDE01AA0F2F
:10456000BB1FA05EBA4D220F331F220F331FF9016C
:10457000E85CFA4D9281977040E850E0491B510980
:104580009AEF949F9001959F300D112435952795B2
:10459000359527952D933C938E01000F111F0C5DCF
:1045A0001A4DF801208131812F5F3F4F20833183E5
:1045B000CC0FDD1FCE5DDA4D488159814115510583
:1045C00041F42430310569F4BDDDF8011082118217
:1045D00008C04130510551F4B5DD82E090E0888398
:1045E0009983DF91CF911F910F910895423051052A
:1045F000C1F7A8DD18821982E8CFA6E0B0E0E3E0B9
:10460000F3E20C94BB5180915B258A831B829091CD
:1046100048259115D9F19330B1F587E791E0809362
:10462000592590935A2539E4E32E35E2F32E10E014
:104630000CE2F70120812F3FA1F080914825909155
:104640005C25910F9983811551F10C838D8321E0B5
:104650004CE065E0CE0101960E948B0ECE010196E2
:104660008DDD1F5FF2E0EF0EF11C183011F7809125
:104670004825811521F08330A9F41092482526960B
:10468000E6E00C94D4518DE790E0C9CF87708A5151
:104690002DE7829FC001112495958795C0CF2C836B
:1046A0008181D4CF825080934825E9CFFF920F9328
:1046B0001F93CF93DF93EC018981823771F487E3F5
:1046C00090E00E94A1070E94150881E08093622576
:1046D000CDB7DEB7E5E00C94D551833779F5FE010F
:1046E00001900020E9F731978F010C1B1D0BF02E74
:1046F00080E1809346068FE70E9475058EEF800F5C
:104700000E947505229612E01F1570F080E18093DB
:1047100045060E9403088AE30E946F078F77811184
:1047200008C00E941508D4CF89910E9475051F5FAB
:10473000EBCF81E090E00E94A605EDCF10926225BC
:10474000C7CFA0E8B1E0E7EAF3E20C94B951809159
:104750006225811511F1813029F58091972390917F
:104760009823A0919923B0919A232091632528172B
:10477000A1F085E30E946F07813129F48AE30E944A
:1047800094070E9415088091972390919823A091F7
:104790009923B0919A2380936325C058DE4FE8E0B7
:1047A0000C94D2518FE30E946F07F82E80E1809322
:1047B00046068FEF0E9475058E010F5F1F4F68013F
:1047C000E02E8C2D801B8F1598F080E1809345069C
:1047D00081E080939D23802F8E198F1580F00E9499
:1047E000E9098FEF80939D2381E080936225D5CFE7
:1047F00080E00E947505F60181936F01E2CFF80118
:1048000081918F010E94B909E6CF0F931F93CF9337
:10481000DF93C0E1C093410680E280930206C0931B
:1048200045068EE190E00E948905C09346068EE120
:1048300090E00E948905C09345068DE290E00E94B9
:10484000890580E30E94940784E690E00E94890530
:10485000C4ECD7E0FE0131966491FE0184910E9480
:104860007F072296F7E0C63FDF07A1F78091652515
:10487000811579F0CEEAD7E004EC17E0FE0131961D
:104880006491FE0184910E947F0722960C171D07F8
:10489000A9F783E30E94940784E090E00E94A605B4
:1048A00084E30E94940785E30E946F078D30C1F76F
:1048B000DF91CF911F910F910895A2E3B0E0E3E65D
:1048C000F4E20C94B951809164258115C9F00E94DD
:1048D0008305811509F45FC08FE30E946F07082FDD
:1048E0000F770983023380F08AE30E94940786E3FE
:1048F0000E9494078DE30E94940784E30E9494072A
:10490000E296E8E00C94D25180E1809346068FEF66
:104910000E9475057E0182E0E80EF11C10E0011393
:1049200050C080E00E947505082F80E00E94750548
:1049300080E18093450684E30E94940785E30E940A
:104940006F078D30C1F79A8186E789278A83FE0138
:10495000339682E021918117E0F1E12F123008F4C3
:10496000E2E0CE0101967C01E80FF92FF11D8B8169
:10497000822780838091A62384FF32C081E60E9433
:10498000B9096701F60181916F010E94B9098C2D67
:104990008E191817B8F785E30E946F07813029F048
:1049A000813161F48AE30E94940786E30E949407B0
:1049B0008DE30E94940784E30E9494070E94D0082C
:1049C0009FCF1F5F80E00E947505F70181937F01F3
:1049D000A6CFDF01945292279E938F5F922FBACF7A
:1049E00081E40E94B9096701F60181916F010E947B
:1049F000640A8C2D8E191817B8F78091A62385FFAD
:104A000003C0802F0E94640A0E94E909C4CFAAE370
:104A1000B0E0EDE0F5E20C94B95141E39E012F5F67
:104A20003F4F7901B90101960E94680A182FE82FBB
:104A3000E150FF0B29812E171F0609F068C08091F5
:104A40006425811105C0E1DE83E090E00E94A605A7
:104A50000B818A8196E789278A834981DE01129634
:104A600092E09D0111968C911197941708F453C010
:104A7000E42F423008F4E2E0EE0DFF2DF11D802717
:104A80008083CE01C7960E94340985E30E94940773
:104A900085E30E946F07833109F453C0CE01C396AA
:104AA0000E9434098BA99CA9ADA9BEA94FA958ADF4
:104AB00069AD7AAD481759076A077B07A0F5841BD3
:104AC000950BA60BB70B8D3B9105A105B105C8F160
:104AD00084EA97E00E94DC0985E30E946F07863133
:104AE00049F48BE30E94940786E30E9494078DE3C8
:104AF0000E94940780916425811509F452C084E3D3
:104B00000E94940785E30E946F078D30C1F7EA96F3
:104B1000E8E00C94D2511196F901208124528227A9
:104B20008C939F5F9ECF84179507A607B70748F41D
:104B300044545F4F6F4F7F4F481759076A077B07F1
:104B400038F285E30E946F07833109F09ECF8AE037
:104B500090E004FF0AC088E790E00E94A60588E77D
:104B600090E00E94A60588E790E00E94A60580E1FB
:104B7000809346068FE70E94750567018C2D8E197C
:104B8000811748F080E18093450685E30E946F0716
:104B90008331D9F3A1CFF60181916F010E94750590
:104BA000EDCF0E948011B3CFFC018181823751F09B
:104BB000823551F481E08093652527DE81E0809382
:104BC0006425089580E0F7CF833719F4CF0101966B
:104BD0001ECF109264250895CF93DF93C0E1C09358
:104BE000410680E280930206C09345068EE190E084
:104BF0000E948905C09346068EE190E00E948905D7
:104C0000C09345068DE290E00E94890580E30E94F2
:104C1000940784E690E00E94A605CFE0D8E0FE016C
:104C20008491813458F431966491FE0184910E94FC
:104C30007F072296F8E0CB34DF0789F783E30E94F1
:104C4000940784E090E00E94A605CFEF84E30E94E1
:104C500094078AE090E00E948905CA95B9F781E03F
:104C600080936625DF91CF9108958F929F92AF92A6
:104C7000BF92EF92FF920F931F93CF93DF93EC01BC
:104C80008B01F880F39424E630E0672B11F420E0E8
:104C900030E048E0F49EC00111246AE070E00E9418
:104CA0006A51620F731F80919F239091A0234B0143
:104CB000072E000CAA08BB08881599051A041B04C6
:104CC00078F48FEF97E00E94DC09DF91CF911F917C
:104CD0000F91FF90EF90BF90AF909F908F900895AD
:104CE000861B970B80939F239093A023809166252A
:104CF000811101C071DF85E30E946F078D30C1F023
:104D00008AE50E94B90985E40E94B90982E50E94FA
:104D1000B90982E50E94B90981E30E94B90985E3D6
:104D20000E946F070E94640A0E94E90955DFCDCFF7
:104D30008091672590916825A0916925B0916A2599
:104D4000892B8A2B8B2BC9F40E94030885E30E94D0
:104D50006F078331C1F18AE50E94B90985E40E9499
:104D6000B90982E50E94B90982E50E94B90982E386
:104D7000D4CF81E090E00E94A60540919723509106
:104D800098236091992370919A238091672590913F
:104D90006825A0916925B0916A25481759076A07C7
:104DA0007B0739F340919723509198236091992381
:104DB00070919A230196A11DB11D84179507A6072E
:104DC000B707B9F2C1CF012B49F00AE010E084E641
:104DD00090E00E94A60501501040C9F780E1809341
:104DE00046068FE70E947505EC2E0C2F1D2F802F95
:104DF0008E198F1508F447C080E180934506C8ECF2
:104E000085E30E946F078D3059F085E30E946F079C
:104E1000833131F481E090E00E94A605CA9581F7C4
:104E200085E30E946F078D30B9F08AE50E94B909C9
:104E300085E40E94B90982E50E94B90982E50E94D1
:104E4000B90983E30E94B90985E30E946F070E94B4
:104E5000640A0E94E909C0DE80916625811102C0C2
:104E60000E9480118091972390919823A09199237B
:104E7000B0919A238093672590936825A093692524
:104E8000B0936A2522CFF80181918F010E947505A8
:104E9000AECFACE0B0E0EFE4F7E20C94BB51FC0124
:104EA0008BE0898381818A831B8282E08C83878166
:104EB0008D8380858E8381858F838481888785819A
:104EC000898786818A871B861C8684E190E00E9400
:104ED000A60560E070E0CE010196C7DE8AE50E947B
:104EE000B9098E010F5F1F4F7E018DE0E80EF11CA6
:104EF000F80181918F010E94640AE016F106C1F762
:104F00008091A62385FF03C080E00E94640A0E946E
:104F1000E9092C96E6E00C94D451CF93DF93EC0191
:104F200030916E2520916F2590917025832F822BD3
:104F3000892B811589F08B81803319F08F7E803425
:104F400059F48F81381308C08885281305C08985D6
:104F5000981302C0CE019DDF30916B2520916C2506
:104F600090916D25832F822B892B811589F0888163
:104F70008B3071F48B81803459F48F81381308C0E1
:104F80008885281305C08985981302C0CE0181DF6A
:104F9000DF91CF910895AEE1B0E0E1EDF7E20C943E
:104FA000BB5180916625811509F43EC00E9483059E
:104FB000811509F45BC08FE30E946F07182F1F77DC
:104FC000812F1E3110F08DE11DE1898380E18093F6
:104FD00046068FEF0E9475057E0182E0E80EF11C07
:104FE00000E080E0011324C00E947505F82E80E0E7
:104FF0000E94750580E180934506CE0101968DDF04
:105000008091A623082F007184FF19C08AE70E94AF
:10501000B90900E0FE013196E00FF11D80810E9488
:10502000B9090F5F1017B0F76E96E6E00C94D451F3
:105030000E947505F70181937F010F5FD2CF8AE54A
:105040000E94B909FE013196E00FF11D80810E9496
:10505000640A0F5F1017B0F78091A62385FF03C085
:105060008F2D0E94640A0E94E909DECF85E30E9429
:105070006F078131C9F68AE30E94940786E30E9494
:10508000940784E30E949407CFCFAEE1B0E0EBE455
:10509000F8E20C94BB518C01FC018181823729F428
:1050A0009BDD6E96E6E00C94D451833711F0863682
:1050B00001F54DE1CE0101967C01BC01C8010296CB
:1050C0000E94680AE82FE150FF0B4981C7014E1783
:1050D0001F0629F086EF97E00E94DC09E2CF61E02D
:1050E00070E0F8012181233711F060E070E0BDDD50
:1050F000D8CF43E06EE675E2813629F0873741F478
:1051000043E06BE675E2C80102960E94680AC9CFC7
:1051100010926625C6CF0F931F93CF93DF93EC01B8
:1051200000E0802F90E09C01220F331F280F391FD1
:10513000F901E450FE4F1491812FF901E350FE4F25
:1051400025913591111589F0209741F480E20E9454
:10515000B909812F0E94B9090F5FE3CF988191139C
:10516000FBCFCE01F901199581E0DF91CF911F911D
:105170000F910895CF93C0919D2380939D2380919B
:10518000752590917625892B21F4C0939D23CF918D
:10519000089581E795E20E947B0D2091812830914E
:1051A00082288A3011F08D3011F52115310539F33F
:1051B0002D57374DF901108283E898E2ACDF811159
:1051C00011C083E698E00E94DC0983E898E20E941F
:1051D000D1098BE498E00E94DC0980E090E09BDF3D
:1051E0000E94E9091092812810928228C8CF2038A5
:1051F000F1E03F0720F6A9014F5F5F4F4093812800
:10520000509382282D57374DF9018083B8CF2091D4
:10521000B13E3091B23E2115310521F420910B228F
:1052200030910C228091092290910A22009741F43A
:105230008DB79EB740910D2250910E22841B950B85
:105240002817390718F4821B930B089580E090E02B
:10525000089582E40E94B90940E265E08091B13E80
:105260009091B23E0E94ED090E94E90983E50E94F7
:10527000B90940E265E080910B2290910C220E94D6
:10528000ED090E94E90985E40E94B90940E265E060
:105290008091092290910A220E94ED090E94E90959
:1052A00086E40E94B909B3DF40E265E00E94ED099F
:1052B0000C94E909FC012FB7F894828593852FBFE0
:1052C0000895FC01A081B1816C9380819181019648
:1052D00080839183268137818217930721F484810B
:1052E0009581808391832FB7F89482859385019669
:1052F000828793872FBF0895FC01A281B3818D918E
:10530000A283B38326813781A217B30721F42481B6
:105310003581228333839FB7F894228533852150CA
:105320003109228733879FBF089591E0909301064A
:10533000811519F090930606089590930506089537
:1053400091E090930106811519F090930506089558
:105350009093060608951F93CF93DF93C0E0D6E0A5
:1053600018E01983E091062AF091072A81E0199547
:105370001E838AE090E00E94A605E091062AF09143
:10538000072A80E0199584EF91E00E94A6051D830D
:105390001A83DF91CF911F9108959B01FC018FB774
:1053A000F894608371836283738364837583339518
:1053B0002683378320E031E02087318712861386E9
:1053C0008FBF0895E091062AF091072A309781F067
:1053D00081E019958AE090E00E94A605E091062AF6
:1053E000F091072A80E019958AE090E00C94A605D8
:1053F0000895E0910C2AF0910D2A309721F188E070
:105400008093610684E080936206428553856485BB
:105410007585208D80EA99E00E94E5058091A309B9
:105420008F7C80618093A30940E051E06AE17BE2D8
:105430008AE19CE2B2DF40E051E06EE07AE28EE089
:105440009BE2ABDFBFCF0895CF93C82F8AE19CE2E8
:1054500031DF2091222C3091232C8217930751F0B9
:105460006C2F8AE19CE22DDF8091A3098C7F816003
:105470008093A309CF910895CF93DF938091453A0C
:10548000843051F48AE19CE215DF2091222C309186
:10549000232C8217930759F58EE09BE20BDFEC017A
:1054A0008091453A843001F52097F1F080910420F5
:1054B0000E94183A0E943D3A8115B1F0C034D105DE
:1054C00010F0CFE3D0E0E091102BF091112B608130
:1054D00083E090E20E949C3CC150811105C08EE0A7
:1054E0009BE20ADFC111EFCFDF91CF91089583E0F6
:1054F00090E20E941B3D97FDCFCFA6DFBFCFAF92BA
:10550000BF92CF92EF92FF920F931F93CF93DF93AF
:105510000F92CDB7DEB71092A3091092A409109292
:10552000A50910920C2A10920D2A1092082A1092A6
:10553000092A10920A2A10920B2A1092062A109217
:10554000072A1092042A1092052A96E2A92E9CE2BC
:10555000B92E1AE0F501812F11928A95E9F7109280
:10556000A0048BE98093A50488E08093A1041092A5
:10557000A20481E08093A4048091A00482608093BF
:10558000A00483E08093B00080919006877C8861BE
:1055900080939006198229E0C22E750101E09E01D8
:1055A0002F5F3F4F4AE060EA80EA94E00E943E3E6F
:1055B000F82E81116BC089E1B82EBF9C80011124A7
:1055C0000C591F4DF8018081811599F00190002040
:1055D000E9F73197AF01401B510BB80186E29CE21D
:1055E0000E943E54892B09F04FC000930C2A10935F
:1055F0000D2AE0910C2AF0910D2A309709F44AC047
:105600008689811529F080E2809361068093660681
:10561000808D811102C083E0808F8789811569F0B8
:10562000BF01665F7F4F88E017D660910C2A7091AA
:105630000D2A685E7F4F89E00FD6A0910C2AB091A9
:105640000D2A1E96ED91FC911F97E093082AF09386
:10565000092A50968D919C91519780930A2A909394
:105660000B2A52968D919C9153978093062A909382
:10567000072A54968D919C918093042A9093052A31
:10568000309741F0199506C0F39497CFF501119228
:105690001A95E9F70F90DF91CF911F910F91FF902D
:1056A000EF90CF90BF90AF900895E0910A2AF091CB
:1056B0000B2A309709F019950895FC0181818936EC
:1056C00099F58EE698E00E94DC0980910C2A909171
:1056D0000D2A009701F10E94D109E0910C2AF09166
:1056E0000D2A87898115A9F08AE698E00E94DC09D5
:1056F000E0910C2AF0910D2A40E260E082859385CA
:105700000E94ED0988E70E94B9098091A5090E94CD
:10571000640A0C94E90986E29CE20E94D10987E6BA
:1057200098E00E94DC09F5CF823709F44BCE83372D
:10573000F9F4E0910C2AF0910D2A309779F08285E6
:105740009385A485B585892B8A2B8B2B39F0BF01D6
:10575000665F7F4F44E050E088E0A8D560910C2A56
:1057600070910D2A685E7F4F41E050E089E09EC550
:10577000823639F4E091042AF091052A309709F035
:10578000199508951F920F920FB60F92112408B623
:105790000F9218BE09B60F9219BE0BB60F921BBE20
:1057A0002F933F934F935F936F937F938F939F9329
:1057B000AF93BF93CF93EF93FF9380E88093A109BA
:1057C000C091A0098EE09BE275DD2091162B3091EF
:1057D000172B8217930721F06C2F8EE09BE271DD6F
:1057E0008C2F20D1FF91EF91CF91BF91AF919F91DD
:1057F0008F917F916F915F914F913F912F910F907A
:105800000BBE0F9009BE0F9008BE0F900FBE0F90F9
:105810001F9018951F920F920FB60F92112408B681
:105820000F9218BE09B60F9219BE0BB60F921BBE8F
:105830002F933F934F935F936F937F938F939F9398
:10584000AF93BF93EF93FF938AE19CE233DDE09146
:105850000C2AF0910D2A892B39F58091A3098C7FB0
:105860008093A309309749F08689811531F08091A2
:10587000A309837F84608093A309FF91EF91BF9177
:10588000AF919F918F917F916F915F914F913F91D8
:105890002F910F900BBE0F9009BE0F9008BE0F9076
:1058A0000FBE0F901F901895309759F0868981157B
:1058B00041F08091A4098F7E8093A40980E28093B7
:1058C00065068AE19CE218DD9091A10995FFFCCF65
:1058D0008093A009D2CF1F920F920FB60F9211247E
:1058E00008B60F9218BE09B60F9219BE0BB60F92EA
:1058F0001BBE2F933F934F935F936F937F938F9331
:105900009F93AF93BF93EF93FF938091A309837FFE
:105910008093A309E0910C2AF0910D2A309759F059
:105920008689811541F08AE19CE2C4DC892B19F457
:1059300080E2809366068091A40980618093A40927
:10594000FF91EF91BF91AF919F918F917F916F9157
:105950005F914F913F912F910F900BBE0F9009BE19
:105960000F9008BE0F900FBE0F901F9018950F93C9
:105970001F938B019C01011511052105310509F1CA
:10598000E0910C2AF0910D2A3097D9F08789811582
:10599000C1F082859385A485B58580179107A207FC
:1059A000B30719F4808D841761F002871387248769
:1059B0003587408FE091082AF091092A309709F045
:1059C00019951F910F91089581E0809366060895BF
:1059D00081E08093650608958FEF0C9475050C9413
:1059E0007505089588EC91E20E94125180ED91E2D4
:1059F0000E9423518CEC91E20E94345184ED91E29B
:105A00000E94455182E08093D82162EC71E280E0EF
:105A10000E94C44489EA92E20C94B75480EC92E26A
:105A20000C94B7549FB7F8942091C1363091C23688
:105A30009FBF4091BF365091C03642175307D9F0EF
:105A4000E7EBF6E3A081B1818C938081918101968F
:105A500080839183268137818217930721F4848183
:105A60009581808391832FB7F894828593850196E1
:105A7000828793872FBF0895A0E1B0E0E2E4FDE2C2
:105A80000C94BE5180E1EEE1F2E2DE01119601904C
:105A90000D928A95E1F781E0809365068093610617
:105AA00012E010936106109366068AE090E00E946F
:105AB000A6051093650668EE7CE284EE9CE20E94E7
:105AC000B6416FEE7CE28CEE9CE20E94CA41BE01C0
:105AD0006F5F7F4F81E00E948F438F3F09F085C049
:105AE00082EC98E00E94DC090E94E90962EC71E214
:105AF00082E0B2D3811571F12FB7F894E8E0F0E0BD
:105B000080E090E0DC0142E04093CA013491830FD1
:105B1000911DA11DB11D1092CA013196E631F1050A
:105B200099F72FBF24EA2093C22120E52093C321B7
:105B300025E52093C421A093C5219827892798277C
:105B40008093C6219093C72146E050E062EC71E259
:105B500082E0ACD368ED71E283E07ED38091D821FE
:105B6000823081F068EC71E284E076D360ED71E21E
:105B700086E072D36CEC71E285E06ED364ED71E285
:105B800087E06AD362EC71E280E00E94C4448091B5
:105B9000D821823069F567EB7DE286E00E9487506C
:105BA0004EE05DE262EF7CE2CB010E945D4B80E063
:105BB0008093302CE7EBF6E32FB7F89487EB95E36F
:105BC00080839183828393838483958387EB96E399
:105BD0008683978380E091E0808791871286138681
:105BE0002FBF6096E3E00C94D75185EA98E07ACF16
:105BF00081E0DECFA7E0B0E0E0E0FEE20C94BD5132
:105C00008E010F5F1F4F26E0F80111922A95E9F7E8
:105C1000FC018181893629F42FDF2796E4E00C947A
:105C2000D651803711F5BE01695F7F4F8FE00E942A
:105C30008F438F3F29F48AE898E00E94DC09EDCF7A
:105C400088E798E00E94DC098F81811104C084E715
:105C500098E00E94DC098F81813021F481E798E08F
:105C60000E94DC090E94E909D8CF8E36B1F662ECB9
:105C700071E281E00E94C444B80188E00E948F4331
:105C80008091D821823009F071C01F930F9387ED66
:105C900092E29F938F930E94A4540F900F900F90C5
:105CA0000F908091C7211F928F938091C6211F92E0
:105CB0008F938091C5211F928F938091C4211F9251
:105CC0008F938091C3211F928F938091C2211F9245
:105CD0008F938FE193E29F938F930E94A4548091BE
:105CE000CB211F928F938091CA211F928F93809115
:105CF000C9211F928F938091C8211F928F9386E4B0
:105D000093E29F938F930E94A4548091D3211F927A
:105D10008F938091D2211F928F938091D1211F92D6
:105D20008F938091D0211F928F938AE593E29F9366
:105D30008F930E94A454CDBFDEBF8091CF211F92CC
:105D40008F938091CE211F928F938091CD211F92AE
:105D50008F938091CC211F928F938EE693E29F9335
:105D60008F930E94A454CDBFDEBF57CF1F930F93D4
:105D70008AEF92E28ECFA0E0B0E0E1ECFEE20C947C
:105D8000B95180E00E947F409C01892B39F18091BC
:105D9000752590917625C0E8D1E0C81BD90B2C174A
:105DA0003D0708F4E901AE0167EB7DE280E00E9467
:105DB00015486B017C011C141D041E041F040CF00B
:105DC00043C007EB1DE2C954D24D0C171D07D1F497
:105DD000E0917F28F091802884E0199597EBE92ED7
:105DE0009DE2F92E00E010E0C091352CD091362CC8
:105DF000209781F40C171D07B9F4C12CD12C760122
:105E0000C39422C0F80161918F0181E795E20E945D
:105E10005B0DDBCF0F5F1F4F81E39CE20E947B0D88
:105E2000F70181937F01E0CFA8014C1B5D0BBE0100
:105E30006954724D80E00E9410476B017C01F7FEAF
:105E40000AC080E00E94E944C701B601CDB7DEB7C1
:105E5000E8E00C94D251C60FD71FCCCFA0E0B0E041
:105E6000E4E3FFE20C94B95181E00E947F40EC0131
:105E7000892BF9F0C13081E0D80710F0C0E0D1E003
:105E8000AE0167EB7DE281E00E9415486B017C0169
:105E90001C141D041E041F040CF04FC007EB1DE270
:105EA000C954D24DF80181918F01CEDA0C171D072C
:105EB000C9F78FB7F8940091C1361091C2368FBFE1
:105EC000A7EBBDE298012954324D47EB56E3A217E8
:105ED000B30751F4C0E0D0E0C017D107F1F4C12CF2
:105EE000D12C7601C39429C0EA01EA81FB8161913A
:105EF000EA83FB838E819F81E817F90721F48C8167
:105F00009D818A839B837FB7F8948A859B850197BF
:105F10008A879B877FBF6D93DACFA8014C1B5D0BEF
:105F2000BE016954724D81E00E9410476B017C01F3
:105F3000F7FE0AC081E00E94E944C701B601CDB76F
:105F4000DEB7E8E00C94D251C60FD71FC5CFCF9271
:105F5000DF92EF92FF92CF93C82F7B0184E0C89F1E
:105F6000600111248FEFC81AD80A83E0CC0CDD1C25
:105F70008A95E1F7B6017D5F072E000C880B990B1F
:105F80000E94813E8731E1F080F48115D9F183319F
:105F9000A9F181E090E0A0E0B0E0BC01CD01CF919B
:105FA000FF90EF90DF90CF9008958C3191F78C2F78
:105FB0000E949246082E000C990BAA0BBB0BEDCF4A
:105FC0008EEFD81A0D2C000CEE08FF08C701B601A1
:105FD0000E94813E80FF05C041E0C701B6010E94DA
:105FE000E93EC11107C0C7DE382F292FCB01A32FEF
:105FF000B22FD3CFC13069F631DFF6CF8C2F0E949C
:106000003846D8CF20E0A70161E08C2F0E945E4582
:10601000082E000C990BAA0BBB0BC81719061A0601
:106020001B0609F4B6CFB9CF8091D821823039F45C
:106030000E949A4F843019F481E08093302C809133
:10604000302C811541F063E179E080E080DF64E18C
:1060500079E081E07CCF08958093C0019F71909397
:10606000C1011092C20185E38093CA0188ED84BF0B
:1060700081E08093CB018091CF0187FDFCCF089513
:106080001F93CF93DF93EC01172FFC01F05F8F710B
:10609000992760834F9769F4CE01DEDFFE01EF5F41
:1060A000FF4E1083CE010196D7DFDF91CF911F9174
:1060B00008957183CE01F8CFA0E0B0E0E2E6F0E30E
:1060C0000C94B7518B01EA017C016B01C40ED51E03
:1060D000CB0120E08C159D0561F4211529F0CE013E
:1060E0000197800F911FB8DFCDB7DEB7EAE00C94BF
:1060F000D0515C012FEFA21AB20AF70121917F0162
:10610000FC01F05F208395012F713327232B21F4AD
:10611000A3DF20E0C501DECF21E0FCCFA0E0B0E0AE
:10612000E4E9F0E30C94B151482E00E010E0512C6A
:10613000812C912CC0E0D1E0FE01F05F8191E080E4
:10614000F1806E0123E0C20ED11C8F3F01F591E07A
:10615000491681F022E0421210C0511449F0F401B6
:10616000F05F8083C40178DFB801C401019688DF45
:1061700081E008C0B801CE01F9CF81E00E151F05FE
:1061800009F080E0CDB7DEB7E0E10C94CA5192E0AF
:1061900049120FC081110DC05110E4014E01E601FA
:1061A000CE0DDF1D55245394CC3F27E0D20720F2BB
:1061B000E8CF0E0D1F1D080F111D511461F0F401E1
:1061C000F05F8083C40148DFB701C401019658DF46
:1061D00023E0820E911CCE0106968E0D9F1D811527
:1061E000984078F637016C0E7D1EC615D70521F450
:1061F000E601CE0DDF1DD8CFFE01ED5FFF4E8081A1
:10620000080F111D511451F054019FEFA91AB90A3A
:10621000F401F05F8083C4011FDF45012196E5CFC3
:106220008091CF0187FDFCCF8091CC018860809365
:10623000CC0180E073DF81110DC08FEF80930011DE
:1062400080E091E009DF109201111092021181E0CB
:1062500091E002CF82E062CF582FCB0120E031E005
:10626000F901F05F40814F3FF9F031960190F081E4
:10627000E02DB9016D5F7F4F9B012E0F3F1F211550
:10628000A8E03A0778F4541309C0009711F480E0AD
:106290000895705FAF010E942754F9CF2F3F47E068
:1062A0003407F1F682E0089581E00895A0E0B0E0BF
:1062B000ECE5F1E30C94B551D82EC62EB72E7A0139
:1062C000C0E0D1E0FE01F05FA080DE01AF5FBF4E15
:1062D0008D909C908E010D5F1F4F8FEFA8121AC0FA
:1062E000D082CE01B9DEB701CE010196C9DEA70189
:1062F000B8018C2D9B2DE0DEC8018E0D9F1DFC0189
:10630000F05FA082A9DE81E009DFCDB7DEB7ECE067
:106310000C94CE51DA100CC0E814F90431F4A70142
:10632000B8018C2D9B2DC8DEEECF1082CE0194DEFD
:10633000E801C80DD91DCF3F87E0D80708F4C2CFC8
:10634000E4CF0F931F93CF93DF93C82FD62F1092D4
:10635000D5361092D63610E11093410680E2809334
:10636000020610930206109345068EE190E00E940B
:106370008905109346068EE190E00E9489051093EE
:1063800045068DE290E00E94890580E30E94940713
:1063900084E690E00E948905C13041F0C23009F4E2
:1063A0004DC0DF91CF911F910F9108950DE319E03A
:1063B000F8018491813460F431966491F8018491FC
:1063C0000E947F070E5F1F4FFAE005301F0781F71D
:1063D000D130D1F460E087E10E947F0767E083E07D
:1063E0000E947F0764E584E0C130D9F50E947F07F1
:1063F00066E785E00E947F0762E082E00E947F07F7
:106400006EE280E00E947F07C093D536D093D636E7
:1064100083E30E949407E9ECF6E38CE0DF011D9230
:106420008A95E9F7E3ECF6E386E0DF011D928A95B1
:10643000E9F784E090E00E94A605B3CF00EF18E0F2
:10644000F8018491813420F631966491F8018491A9
:106450000E947F070E5F1F4FF9E0083B1F0781F77F
:10646000B7CF0E947F076DE385E00E947F0760E55C
:1064700085E10E947F076BE580E10E947F0768EF5E
:1064800081E1B8CFCF9385E30E946F07C82F813099
:10649000D1F78BE30E9494078AE30E94940710923D
:1064A000C9361092CA361092CB361092CC36109262
:1064B000CD3687ED96E38093CE369093CF3610920B
:1064C000D036C093D1361092D2368091D536809393
:1064D000D33660E083E00E947F0762E088E00E949C
:1064E0007F0784E30E94940785E30E946F078D3045
:1064F000D9F781E08093D436CF910895FF920F931E
:106500001F93CF93DF93F82E192F062F80E18093EE
:1065100046068FE70E947505CF2DD12F0C0F1D2F3A
:10652000111DC017D10749F480E18093450681E031
:10653000CDB7DEB7E5E00C94D55189910E94750581
:10654000F0CF8DE30C949407A2E0B0E0EAEAF2E326
:106550000C94B9511091D636123009F0A2C0809136
:10656000D536811509F49DC08091D436823009F466
:1065700068C038F481115DC086E30E94940782DF11
:1065800090C0833009F4DCC00E948305182F81116C
:1065900032C18091D436823008F42DC1D090CC36EF
:1065A0000091CE36C090CF3680E1809346068FEFC3
:1065B0000E947505E02EFC2C8E2D801B8D1508F495
:1065C00003C180E00E947505082F80E00E947505D8
:1065D000F82E80E18093450681E08093D236809149
:1065E000C9369091D336913009F0F5C047D3AC014C
:1065F0006FE179E387ED96E3C8D3892B09F04FC0AB
:1066000082E60E94B90980911F3938D3212F30E0EA
:106610001817190608F4E7C08091A62385FF06C065
:106620008F2D0E94640A802F0E94640A0E94E9094B
:1066300036C00E948305811509F4A6CF1093D43685
:10664000A3CF0E947E05811509F49ECFE090CE363F
:10665000F090CF3680E1809346068FEF0E9475055B
:106660008701C80103967C0180E00E947505F8014E
:1066700081938F01EE15FF05B9F780E18093450600
:106680008091CE369091CF362091D336213009F0CB
:1066900045C0BE016F5F7F4F18D2811531F0109257
:1066A000D4362296E8E00C94D25189818093C93681
:1066B000E5D2AC0160E081E0F6D2BC018093CA363D
:1066C0009093CB368934924050F786E0611521E0F3
:1066D000720798F50E947F0760E088E00E947F07BC
:1066E00081E08093D0368091CE369091CF3603965C
:1066F0008093CE369093CF368091CA369091CB3628
:1067000003978093CC369093CD361092D13683E0A8
:106710008093D43667E00E947F0736CF40E0BE0109
:106720006F5F7F4F56D28111BACF89818093C9366E
:10673000A5D2AC0160E080E0BFCF0E947F07D3CF3D
:106740000E947E05811509F41FCF8091CC3690916F
:10675000CD368115914058F48091D036811107C013
:1067600060E088E00E947F0781E08093D036E0906F
:10677000CE36F090CF3680E1809346068FEF0E94B0
:1067800075058701C8014F967C0180E00E94750560
:10679000F80181938F01EE16FF06B9F780E180932F
:1067A00045068091CC369091CD364F978093CC366C
:1067B0009093CD368091CE369091CF364F96809380
:1067C000CE369093CF36E0CE80E00E947505F7017B
:1067D00081937F01F1CE52D2AC016FE179E387ED75
:1067E00096E34AD30ACF215E364CF90180810E949C
:1067F000640A1F5F08CF85E30E946F078D3009F49C
:1068000050CF1092D436B8CEA0E0B0E0EAE0F4E386
:106810000C94B9516C01F62E072FE42EFC018081F7
:106820002DD2EC0101978232914008F0D4C08091C2
:10683000D6361091D536823009F010E061E08E2D09
:1068400080DD21E0AE01B6018F2D902FE21265C0F0
:1068500043D2AE0161E081E026D28093C3369093AB
:10686000C4366FDEC82FC07786E3C111A7C08BE3A3
:106870000E949407F092C5360093C6361092C8362F
:106880006091C3367091C436611581E0780708F0D5
:1068900049C086E00E947F0760E088E00E947F0791
:1068A000C1E0C093C736C091C336D091C436C1345D
:1068B000D10510F0C0E4D0E06C2F8091C5369091E6
:1068C000C6361CDE8091C5369091C6368C0F9D1F52
:1068D0008093C5369093C6368091C3369091C43666
:1068E0008C1B9D0B8093C3369093C436892B19F46F
:1068F00081E08093C83685E30E94940701E080918F
:10690000C8368115B9F085E30E946F078130D9F749
:1069100011115DC080E090E055C006D2AE0161E08B
:1069200080E09ACF86E00E947F0762E088E00E94C4
:106930007F07B7CF0E947E058115D1F1C091C33684
:10694000D091C436C132D10520F0E0E2CE2FF0E084
:10695000DF2F6C2F8091C5369091C636CFDD8091A8
:10696000C5369091C6368C0F9D1F8093C536909387
:10697000C6368091C3369091C4368C1B9D0B809394
:10698000C3369093C436009771F40093C836809153
:10699000C7368111B4CF60E088E00E947F0781E0B4
:1069A0008093C736ACCF803C910508F0A8CFEFCFDD
:1069B000C8DD8077803709F0A2CF8BE30E9494076F
:1069C00082E090E0CDB7DEB7E8E00C94D25162E00F
:1069D000812FB7DC9FCF81E090E0F4CF1F93CF935E
:1069E000DF93EC0189818237F9F48A81811529F0DE
:1069F000833791F462E081E0A4DC8091D636823066
:106A000009F04AC08091D5368130E1F1823009F435
:106A100040C080EE98E038C0843719F462E082E02C
:106A2000EBCF60E080E0E8CF833739F710E00CC0AF
:106A30002C0F3D1FF9012481211599F0615E764CE0
:106A400041E00E94680A1F5F612F70E09B01220FE6
:106A5000331FC90103968C0F9D1FFC01408141111A
:106A6000E7CF8A81833751F441E067ED76E38FE128
:106A700099E3CADEDF91CF911F9108958437D1F752
:106A800042E0F3CF8AEE98E00E94DC090E94E90917
:106A9000F1CF84EE98E0F8CF8CED98E0F5CFCF936E
:106AA000DF93EB01DC01EC91AE2FA295AF70B0E06B
:106AB000A25CBD4D8C918883EF70F0E0E25CFD4DEF
:106AC00080818983DF91CF910895CF93DF93FC017B
:106AD000EB01A08131818A2F82958F7090E0825DD9
:106AE0009D4DFC018081AF70B0E0A25DBD4D2C9149
:106AF000A32FA295AF70B0E0A25DBD4D9C91E32F96
:106B0000EF70F0E0E25DFD4D408131E08F3F09F034
:106B100030E051E02F3F09F050E0352B9F3FA1F0CE
:106B2000311112C04F3F81F08295880F880F807C11
:106B30002295207F822B990F990F892B842B888394
:106B400080E0DF91CF91089581E0FBCF0F931F93F9
:106B5000CF93DF938C01DB0184E141110EC0E8018A
:106B6000E981CE2FCF70D0E0C257DD4D2881E2956C
:106B7000EF70F0E0E257FD4D8081E801E881CE2F13
:106B8000CF70D0E0C257DD4D3881E295EF70F0E074
:106B9000E257FD4D9081990F990F532F52955F70D9
:106BA000952B9C933295307F982F96959695932BA5
:106BB00011969C931197411107C08295880F880FF9
:106BC000807C822B12968C93DF91CF911F910F9135
:106BD0000895CF93DF93DC01EB0111969C911197FF
:106BE00080E020E0411117C012968C911297E82F97
:106BF000EF73F0E0E25BFD4D208134E0939FF00104
:106C00001124EC73FF278295869586958370E82B77
:106C1000E25BFD4D8081EC9130E1E39FD0011124D6
:106C2000A073BB2792959F70A92BA25BBD4D5C9171
:106C3000E695E695F0E0E25BFD4D908131E05F3F47
:106C400009F030E061E09F3F09F060E0362B2F3F14
:106C500099F0311111C08F3F79F09295907F952B6B
:106C60009883411521F080E0DF91CF9108958295BE
:106C7000807F822B8983F7CF81E0F6CF482F50E0C9
:106C800022E08A3148F09A012A51310984E0359591
:106C900027958A95E1F72D5FCA010196820F911D14
:106CA000820F911D08959A01811531F0CA01611179
:106CB0000196880F991F0895CA01880F991F820FA6
:106CC000931F96958795611511F00196089521708F
:106CD0003327820F931F0895A0E0B0E0E2E7F6E3C8
:106CE0000C94B751EA017C0186E9F70181937F0199
:106CF0008B015B01A40EB51E6F01B601F2E0CF0E51
:106D0000D11C0A151B0559F4CC0FDD1FCE0DDF1D5C
:106D100085E58883CDB7DEB7EAE00C94D051C80191
:106D2000BEDE0F5F1F4FE9CFA0E0B0E0EAE9F6E377
:106D30000C94B951EC017B018A010115110539F060
:106D40000130110549F441E0BE01C701FFDECDB7B6
:106D5000DEB7E8E00C94D2510230110539F440E07E
:106D6000BE01C701F3DE85E58B83F1CF6E0183E0C1
:106D7000C80ED11C40E0BE01C701E8DE82E0E80E8B
:106D8000F11C02501109E601D8CFA0E0B0E0EBEC15
:106D9000F6E30C94B1515C017B013A0100E010E094
:106DA000C12CD12CC0E0D0E0812C912C32E1432EBB
:106DB000512C8614970439F480E090E0CDB7DEB70B
:106DC000E0E10C94CA51B701C5017FDE811149C0D1
:106DD000C30188199909029709F449C02AE082166B
:106DE000910460F0C4010A97B2010E9456519C01BF
:106DF00091E0232B09F090E0C92ED12C011511054B
:106E0000C1F0C095D095F701808190E0C8171906B0
:106E100059F500E010E020E0C22F80E0D82FFFEF0E
:106E20008F1A9F0A22E0A20EB11C8FEFE81AF80A0F
:106E3000C0CFC114D10479F0CE0180959095892FEF
:106E40009927F70120812817190671F401E010E055
:106E5000C12CD12CE4CFF7016081CE018DD0EC01A3
:106E6000DECF81E090E0AACF82E090E0A7CF0115CD
:106E7000110511F36801C5CFA0E0B0E0E2E4F7E34B
:106E80000C94B3516C018B017A01C0E0D0E0812CED
:106E9000912C42E1642E712CE114F10419F480E08C
:106EA00090E00CC021E0E216F104C1F441E0B80129
:106EB000C6018FDE811539F081E090E0CDB7DEB7F5
:106EC000EEE00C94CC51C095D095F801808190E013
:106ED000C817190621F382E090E0F0CF40E0B80136
:106EE000C60177DE8111E8CF22E0E21AF1085401F1
:106EF00082E0A80EB11CE114F10459F0EBE0AE16EB
:106F0000B10408F1C4010A97B3010E945651892BBC
:106F1000D1F4C095D095F801818190E0C817190689
:106F2000D1F6CD2FDD27F80180818C171D0699F64B
:106F3000F0E0CF2F20E0D22FF3E0CF0ED11C0E5F78
:106F40001F4F4501A9CFF8016081CE01F1E0EF1696
:106F5000F10461F411D0EC0180959095892F992767
:106F6000F80121812817190639F3B5CF05D0F801AA
:106F7000618102D0EC01E0CF48E0292F332726279A
:106F800020783327880F991F232B21F025E68227AD
:106F90002DE39227660F4A9581F70895AAE3B0E0A2
:106FA000E4EDF7E30C94BB5106E41AE378010F5FBC
:106FB0001F4F1ED2F7018083FAE30E341F07B1F78B
:106FC0000E94F60C7ED28115A1F19091463A209153
:106FD000473A2A3070F5E22FF0E08827E450F84A6B
:106FE0008F4F0C949F51903889F0923811F5809111
:106FF0004A3A8F701DD2E091513AF091523A118184
:1070000012FB112710F980E013D206C01091423A0A
:10701000110F8091433A182B6CD2812FF9D180E067
:10702000F7D1C2D118C091110DC08091483A81307A
:10703000A1F047D2811511F05CD283D2EA96E6E046
:107040000C94D4519230A9F78091483A811561F09F
:1070500080E0EED14ED217D3ECCF81E0233009F09F
:1070600080E08093423AF4CF10914A3A1F70111594
:1070700001F3812FDDD18091473A833011F461D241
:10708000E7CFA091513AB091523A11968C91119755
:107090008B7F11968C93119724E8129FF001112495
:1070A000EB56F54C10828C918E7F8C93D1CF911141
:1070B000C0CF1091483A1F771CD2E5D2DED181159E
:1070C000E9F31093C30483E0111101C082E08093BF
:1070D000453AAFCF9058923008F0ABCF8091483A04
:1070E0009091493A8C3DE3E09E0761F583E08A8305
:1070F0008AE389834FB7F894DE01139620E038E0E5
:1071000052E05093CA01E32FF0E084911092CA013B
:1071100020FF03C082958F703F5F8F708A3080F0B0
:10712000895C90E08D939D932F5F2C3151F74FBF79
:10713000E0D16AE370E0CE0101964AD04AD179CF1E
:10714000805DEFCFAE014F5F5F4F60914A3A0E9482
:107150002A0D8C01892B09F46CCFCBD1B801898120
:107160009A81ABD0EBCF903809F063CFC2D1809138
:10717000443A56CF91115DCF8091483A823008F061
:1071800058CFB7D18091483A8093443A7CD28091CD
:10719000443A811531F084E08093453A0E94EE0C28
:1071A00048CF8091C3048111F6CF81E0F5CF0895D7
:1071B000CF938091453A811549F0C091533A80E0D0
:1071C00037D17FD18111EADE8C2F32D1CF91089552
:1071D000DF92EF92FF920F931F93CF93DF937C0187
:1071E000EB018091533A806823D100914C3A109181
:1071F0004D3A0C171D0718F0209769F08E01D12C1D
:107200000115110551F4D11008C043D1811509F4BD
:1072100047C080E007C0C8D0F1CF8091453A8111C6
:1072200006C082E0CDB7DEB7E7E00C94D3518530DD
:1072300011F483E0F7CF45D1811511F081E0F2CF51
:1072400028D18111E2CF19D18115D1F22091533A81
:1072500080914F3A9091503AFC01EF5BFF4F27FF2E
:107260000FC0C081D0E00115110519F0C830D1055B
:1072700078F0DD24D394289709F0D12C95D0C0CF95
:10728000805C9F4FDC01CC918081C81BDD0BEBCF74
:10729000F70181917F01BCD0015011092196E3CF04
:1072A0008091453A811509F4BCCF853009F4C1CFEE
:1072B00008D1811509F4A9CFC1CFDF92EF92FF92D7
:1072C0000F931F93CF93DF937C01EB018091533A8F
:1072D0008068AED000914C3A10914D3A0C171D07C2
:1072E00018F0209769F08E01D12C0115110551F489
:1072F000D11008C0CED0811509F449C080E007C084
:1073000053D0F1CF8091453A811106C082E0CDB7CC
:10731000DEB7E7E00C94D351853011F483E0F7CF6A
:10732000D0D0811511F081E0F2CFB3D08111E2CF3E
:10733000A4D08115D1F22091533A80914F3A909187
:10734000503AFC01EF5BFF4F27FF0FC0C081D0E038
:107350000115110519F0C830D10578F0DD24D3945A
:10736000289709F0D12C20D0C0CF805C9F4FDC0142
:10737000CC918081C81BDD0BEBCFF701849148D005
:10738000FFEFEF1AFF0A015011092196E1CF80911A
:10739000453A811509F4BACF853009F4BFCF91D0B1
:1073A000811509F4A7CFBFCFE0914F3AF091503A41
:1073B000EF5BFF4F8081A091513AB091523A90E03B
:1073C00012968D939C9313978C918D798C93108248
:1073D0000895E091513AF091523A80818D798083FD
:1073E000E0914F3AF091503AEF5BFF4F10820895D1
:1073F00080914F3A9091503AFC01EF5BFF4F208112
:1074000031E0320F3083820F911DFC01808108959D
:1074100020914F3A3091503AF901EF5BFF4F908144
:1074200041E0490F4083290F311DF9018083089500
:10743000682F8093533A8091C6049091C704262FF9
:107440002F7034E8239FA001112470E1279F900141
:10745000112467FF0FC04A56554C285F3F4F820FDB
:10746000931F40934F3A5093503A8093513A9093E0
:10747000523A08954C5A554CF2CF8091533A806855
:10748000D7DFE091513AF091523A80818695817030
:1074900008958091533A8F77CBDFE091513AF09184
:1074A000523A808185FF0BC082819381E0914F3AEF
:1074B000F091503AE05CFF4F808381E0089580E0D6
:1074C00008958091533A8F77B3DFE091513AF0916C
:1074D000523A808184FF0BC082819381E0914F3AC0
:1074E000F091503AE05CFF4F808381E0089580E0A6
:1074F00008958091533A8F779BDFE091513AF09154
:10750000523A80818D788083808181608083E09190
:107510004F3AF091503AEF5BFF4F10828091533A0F
:10752000806886DFE091513AF091523A8081816023
:107530008083E0914F3AF091503AEF5BFF4F108219
:107540000895E091513AF091523A818184608183AB
:107550008181807C803459F48091533A805868DF6F
:10756000E091513AF091523A81818460818308958B
:107570001F93CF93DF93C82F162FD42F59DFE0919D
:10758000513AF091523A1182C7FB882781F98083E2
:1075900011831282138280914F3A9091503A8483E2
:1075A0009583CC0FCC0BCD23FC01E05CFF4FC19346
:1075B000108281E0DF91CF911F910895A0E0B0E0AB
:1075C000E4EEFAE30C94B951D62E8C01C12CCD1007
:1075D00006C081E0CDB7DEB7E8E00C94D251F801E7
:1075E000D081D11569F1E180F280848128E1823077
:1075F00008F428E088E090E0C0E08E159F0590F048
:107600008D2F8F70873010F5F1E4EF16F104F0F450
:10761000F8018381C22BCF7E811541F08130A1F02A
:10762000C0680AC0CF5F880F991FE7CFC0644E2D96
:107630006C2F80E88D0F9CDF4E2D6C2F8D2F98DFE7
:10764000C3940B5F1F4FC3CFC06CF6CF80E0C2CF97
:1076500080E090E0E091C604F091C7049C0144E012
:10766000220F331F4A95E1F7E20FF31F1186E091D5
:10767000C604F091C704E20FF31F11820196873010
:10768000910541F708958091463A87FF0DC001DFCB
:10769000811509F09ECE8091453A8111F8CF089569
:1076A0008091453A8115D9F3E8DE8115C9F37CCE86
:1076B0000F931F93CF93E091C604F091C704E05954
:1076C000FF4F00811181C4E68091533A87FF12C0B9
:1076D000D4DE81110AC08091453A81110DC082E04B
:1076E00005C08C2F8901C82FEFCF80E0CF911F916B
:1076F0000F910895CEDEEDCF8530C1F0E091513A83
:10770000F091523A818182FD13C0E091C604F0915C
:10771000C704E059FF4F208131810217130709F395
:107720008FEF8C0FC111DECF84E0E0CF83E0DECF9E
:1077300081E0DCCFCF93DF93E0E4F0E0148284813A
:107740008160848350D056D0C0ECD4E088818F779C
:1077500088838881806888831092453A1092443AE1
:107760001092423A1092433A88818064888348E0BC
:1077700068E480E8FDDE48E068E480E0F9DE8885C2
:1077800080648887898181608983DF91CF910895A2
:10779000CF93DF932FB7F894C0ECD1E082E08A87D3
:1077A000EAE1F0E0E491A0ECB4E0DA96EC93DA9749
:1077B000EBE1F0E0E491DB96EC93DB971A8681EF46
:1077C0009DE38E7F16968D939C93179786E18C93FD
:1077D00083E018968C932FBF81E080934E3AAADF06
:1077E000DF91CF910895E0ECF4E08085837080878D
:1077F00011860895E0ECF4E08FEF82878487089586
:107800001F920F920FB60F92112408B60F9218BE56
:1078100009B60F9219BE0BB60F921BBE2F933F9362
:107820004F935F936F937F938F939F93AF93BF9388
:10783000EF93FF938091CA0487FF08C08091C8042A
:1078400087FF04C080E88093CA04B1DC8091CA0439
:1078500086FF07C080E48093CA041092453A0E94D4
:10786000ED0C8091CA0485FF0CC080E28093CA04AD
:107870008091443A8115A1F184E08093453A0E94B9
:10788000EC0C8091CA0484FF14C080E18093CA0488
:1078900082E08093453A1092443A1092C304D8DEB5
:1078A00048E068E480E864DE48E068E480E060DEA8
:1078B0007EDCFF91EF91BF91AF919F918F917F916E
:1078C0006F915F914F913F912F910F900BBE0F9051
:1078D00009BE0F9008BE0F900FBE0F901F90189515
:1078E0008091C304811511F083E0C7CF81E0C5CF3B
:1078F000CF93DF93EC01FC0170968BE0DF011D92CA
:107900008A95E9F782E08C83898783E08E8761E03E
:10791000CE01019653DE811104C080E0DF91CF914A
:10792000089561E0CE01069649DE8115B1F361E06C
:10793000CE010B9643DEF2CFCF93FC01C62F809190
:10794000453A843001F584899589A689B789892BC0
:107950008A2B8B2BC1F081816BDD20914F3A3091C6
:10796000503AF901EF5BFF4F908131978081981772
:1079700028F48C2F4DDD80E0CF91089515DD98DE41
:107980008115B9F3F9CF82E0F7CFCF93DF93FC01F4
:107990008091453A8430A1F584899589A689B78973
:1079A000892B8A2B8B2B61F1818142DD8091533AA7
:1079B00020914F3A3091503AF901EF5BFF4F87FF2A
:1079C00009C0808190E0892B69F4C0E08C2FDF91A1
:1079D000CF910895D901A05CBF4F8C919081891BF4
:1079E000990BF1CFD081205C3F4FF901C081DCDCE5
:1079F000DC1758F35DDEC82F8111E8CFD5DCE6CF68
:107A0000C2E0E4CFCF93DF93EC018091453A84301C
:107A100079F48C899D89AE89BF89892B8A2B8B2B20
:107A200039F0898105DD29DD811511F0CE01ADDF49
:107A3000DF91CF910895CF93DF93FC018091453A78
:107A4000843031F0CFEFDFEFCE01DF91CF91089599
:107A500084899589A689B789892B8A2B8B2B91F3E9
:107A60008681E6DC16DD811569F32091533A809119
:107A70004F3A9091503AFC01EF5BFF4F27FF1AC03D
:107A8000808190E0CFEFDFEF892B19F0B1DCC82FB8
:107A9000D0E02091533A80914F3A9091503AFC01B6
:107AA000EF5BFF4F27FF0EC0208130E0232B61F6F4
:107AB00090DCCACF805C9F4FDC018C919081891B48
:107AC000990BE0CF805C9F4FDC012C918081281BBB
:107AD000330BECCF0895FF920F931F93CF93DF9357
:107AE000EC01EFDC811591F0288180914A3A909168
:107AF0004B3A2817190651F48091473A823209F41B
:107B000062C048F4803281F1813291F0CDB7DEB7A6
:107B1000E5E00C94D5518332C9F78091463A813221
:107B2000A9F7E7DCB0DD6091483ACE01D3DFEECFB4
:107B30008091463A813A51F7DCDC9FDC8115E9F30C
:107B40008C89FD880E891F8963DC8F2D61DC802F75
:107B50005FDC812F5DDC888D5BDC898D59DC8A8D53
:107B600057DC22DC90DDD2CF8091463A813209F099
:107B7000CDCFBFDC8EDC811509F13ADCF82E38DC84
:107B8000182F36DC082F34DC402F50E060E070E026
:107B9000BA0155274427782B4F29512B4C8B5D8BED
:107BA0006E8B7F8B25DC888F23DC898F21DC8A8F8D
:107BB00010DC69DDCE010E94FE0CA8CF8091453A11
:107BC0008111D8CFA3CF8091463A813209F09ECF60
:107BD00090DC59DD8091483A9091493A888B998B95
:107BE000CE0178DF93CFFC01668384E6489FA00135
:107BF000112484814115510531F485FF02C087E0CD
:107C0000838382E00895982F9874983441F46683B2
:107C10008AE68A95F1F700C041505109EACF982FC2
:107C20009075903521F487E0838383E00895803454
:107C300078F380E00895FC016783848186FFFDCF9F
:107C4000848186FF05C08481829583958170089523
:107C500080E00895FC01DB0184818C708C3061F040
:107C6000848187FFFDCF87818C9387E0411101C01C
:107C700082E0838381E0089580E00895A0E0B0E091
:107C8000E4E4FEE30C94B3515C01162FD42E3901C9
:107C90004701DC2D6E7FA7DFC82F811531F08C2FB7
:107CA000CDB7DEB7EEE00C94CC51C301060D08173A
:107CB00039F0FC0161917F01C501BDDF81110DC06B
:107CC000612F61604D2DC5018EDFC82FD150811508
:107CD00099F087E0F5018383E2CFC701E8CF840103
:107CE0000F5F1F4F41E0D11140E0B401C501B2DF89
:107CF000D150811521F04801DF3F89F7EACFC5E077
:107D0000E8CF8F929F92AF92BF92CF92DF92EF9285
:107D1000FF92CF93DF9300D0CDB7DEB76B017C012C
:107D2000E091E121F091E2211995E091E521F091B6
:107D3000E6211995C701AA27BB278D2C9E2CAF2CB5
:107D4000BB242091ED213091EE21232B31F0E091E5
:107D5000EF21F091F021309781F5E091EB21F09146
:107D6000EC211995E091EB21F091EC21882D1995EA
:107D7000E091EB21F091EC218C2D1995E091E92116
:107D8000F091EA211995F82EE091E721F091E82190
:107D90001995E091E321F091E42119958F2D0F9031
:107DA0000F900F90DF91CF91FF90EF90DF90CF90E9
:107DB000BF90AF909F908F9008958983DC24CD244D
:107DC000DC24CA82DB8263E070E0CE010196199563
:107DD000D5CF8F929F92AF92BF92CF92DF92EF92C8
:107DE000FF921F93CF93DF9300D00F92CDB7DEB7F2
:107DF0006B017C01142FE091E121F091E2211995B2
:107E0000E091E521F091E62119954601570168942A
:107E100082F8E091EF21F091F021C701AA27BB275A
:107E2000CD2CDE2CEF2CFF24309781F5E091EB2157
:107E3000F091EC211995E091EB21F091EC218C2D42
:107E40001995E091EB21F091EC21882D1995E091A5
:107E5000EB21F091EC21812F1995E091E721F09130
:107E6000E8211995E091E321F091E42119952496F8
:107E7000CDBFDEBFDF91CF911F91FF90EF90DF90DC
:107E8000CF90BF90AF909F908F9008958983982452
:107E9000892498248A829B821C8364E070E0CE014E
:107EA00001961995DACF4F925F926F927F92AF92BF
:107EB000BF92CF92DF92EF92FF920F931F93CF93D7
:107EC000DF9300D0CDB7DEB76B017C015A01890189
:107ED000E091E121F091E2211995E091E521F09105
:107EE000E6211995C701AA27BB274D2C5E2C6F2CC4
:107EF00077242091ED213091EE21232B31F0E09178
:107F0000EF21F091F0213097E1F5E091EB21F09134
:107F1000EC211995E091EB21F091EC21842D19953C
:107F2000E091EB21F091EC218C2D199575010A0D52
:107F30001B1D0E151F05E1F4E091E721F091E821EA
:107F40001995E091E321F091E42119950F900F909C
:107F50000F90DF91CF911F910F91FF90EF90DF90E5
:107F6000CF90BF90AF907F906F905F904F900895AB
:107F7000E091E921F091EA211995F70181937F01C0
:107F8000D8CF8983DC24CD24DC24CA82DB8263E061
:107F900070E0CE0101961995E091ED21F091EE216E
:107FA000B801C5011995C8CFA3E0B0E0EAEDFFE341
:107FB0000C94B3516B017C013A018901E091E121FC
:107FC000F091E2211995E091E521F091E6211995D2
:107FD00046015701689482F8E091EF21F091F02179
:107FE000C701AA27BB27CD2CDE2CEF2CFF2430970E
:107FF00071F5E091EB21F091EC211995E091EB21E5
:10800000F091EC218C2D1995E091EB21F091EC2170
:10801000882D19957301060D171D0E151F0571F496
:10802000E091E721F091E8211995E091E321F091A9
:10803000E42119952396EEE00C94CC51E091EB21CC
:10804000F091EC21D7018D917D011995E6CF8983BF
:108050009824892498248A829B8263E070E0CE0170
:1080600001961995E091EF21F091F021B801C3013B
:108070001995D6CFA0E0B0E0E0E4F0E40C94B5515F
:1080800094E0899F600111248FEFC81AD80A23E079
:10809000CC0CDD1C2A95E1F7460190EE991A092CCB
:1080A000000CAA08BB088FEDD81A0D2C000CEE08A6
:1080B000FF08C0E0D0E0C501B40123DE082F10E0C6
:1080C000102F0027C701B6011CDE080F111D011576
:1080D000110561F0C501B40114DEC82FD0E0DC2F1A
:1080E000CC27C701B6010DDEC80FD11DC017D107BF
:1080F00011F7CE01CDB7DEB7ECE00C94CE51A0E085
:10810000B0E0E5E8F0E40C94B55194E0899F60019B
:1081100011248FEFC81AD80A23E0CC0CDD1C2A9555
:10812000E1F746019AED991A092C000CAA08BB0840
:1081300089EDD81A0D2C000CEE08FF08C0E0D0E045
:10814000C501B401DEDD082F10E0102F0027C701A4
:10815000B601D7DD080F111D0115110561F0C5012C
:10816000B401CFDDC82FD0E0DC2FCC27C701B6018A
:10817000C8DDC80FD11DC017D10711F7CE01CDB78B
:10818000DEB7ECE00C94CE51A0E0B0E0EAECF0E415
:108190000C94B1514B015A01452B09F445C094E0B0
:1081A000899F8001112468018FEFC81AD80A83E0E3
:1081B000CC0CDD1C8A95E1F726019CED591A052CA3
:1081C000000C66087708C301B2019BDDC82F8BED58
:1081D000D81A0D2C000CEE08FF08C701B60191DD7E
:1081E000D0E0DC2FCC27C80FD11D0E5F1F4F23E03E
:1081F000000F111F2A95E1F7BE0180E090E0982F53
:10820000872F762F6627600F711F811D911D9501A5
:10821000A401CADECA0DDB1D4D2FC301B201D9DD99
:108220004C2FC701B601D5DDCDB7DEB7E0E10C9428
:10823000CA51A0E0B0E0EFE1F1E40C94B1514B0180
:108240005A01452B09F445C094E0899F800111240F
:1082500068018FEFC81AD80A83E0CC0CDD1C8A9520
:10826000E1F7260198ED591A052C000C66087708ED
:10827000C301B20146DDC82F87EDD81A0D2C000CC2
:10828000EE08FF08C701B6013CDDD0E0DC2FCC27AB
:10829000C80FD11D0D5F1F4F23E0000F111F2A953E
:1082A000E1F7BE0180E090E0982F872F762F6627B8
:1082B000600F711F811D911D9501A401F4DDCA0D90
:1082C000DB1D4D2FC301B20184DD4C2FC701B60168
:1082D00080DDCDB7DEB7E0E10C94CA51A0E0B0E09C
:1082E000E4E7F1E40C94B5518B0194E0899F6001BF
:1082F00011248FEFC81AD80A83E0CC0CDD1C8A95B4
:10830000E1F7460198ED991A092C000CAA08BB0860
:10831000C501B401F6DCC82F87EDD81A0D2C000C6E
:10832000EE08FF08C701B601ECDCD0E0DC2FCC275B
:10833000080F111DC00FD11F4D2FC501B40149DD1C
:108340004C2FC701B60145DDCDB7DEB7ECE00C948C
:10835000CE510895FB0180810895FB01408308956B
:1083600080E0089508950895089508959C01CB0133
:108370002115310511F0009721F424EB31E485EB50
:1083800091E42093E5213093E6218093E7219093B7
:10839000E82108959C01CB014091D9215091DA2127
:1083A00051FFFFCF2115310511F0009721F420EB8B
:1083B00031E482EB91E42093E9213093EA21809328
:1083C000EB219093EC210895A2E1B0E0EAEEF1E414
:1083D0000C94BF5126E030E0AE014F5F5F4F60E08C
:1083E00079E080E090E05FDD24E030E0AE01415FC5
:1083F0005F4F60E071E080E090E055DD24E030E028
:10840000AE01455F5F4F60E075E080E090E04BDDDE
:1084100024E030E0AE01495F5F4F60E07FE080E044
:1084200090E041DD40E860E070E0CB01D2DC60E04C
:1084300070E0CB0166DC26E030E0AE014F5F5F4FBD
:1084400060E079E080E090E0AFDD24E030E0AE0174
:10845000415F5F4F60E071E080E090E0A5DD24E0E7
:1084600030E0AE01455F5F4F60E075E080E090E096
:108470009BDD24E030E0AE01495F5F4F60E07FE0CC
:1084800080E090E091DD6296E2E00C94D851A0E0AB
:10849000B0E0EDE4F2E40C94B9518C01EB0194DF0F
:1084A0000115110529F19801285F3F4FF80180E07F
:1084B0009191890FE217F307D9F781310CF043C08E
:1084C00098E0C92E9FE1D92EE12CF12CF8014191C1
:1084D0008F01C701B6017DDCF0E2CF0ED11CE11C9B
:1084E000F11C88E0C81680E2D806E104F10471F7B7
:1084F000209731F480E0CDB7DEB7E8E00C94D2519C
:108500009E01285F3F4FFE0180E09191890F2E1759
:108510003F07D9F78131BCF488E0C82E8EE1D82E10
:10852000E12CF12C4991C701B60153DCE0E2CE0EFB
:10853000D11CE11CF11CF8E0CF16FFE1DF06E104DD
:10854000F10481F7D7CF8FEFD6CFCF93C92F482F24
:10855000407F60E075E180E090E03BDC4C2F60E024
:1085600077E180E090E035DCCF910895CF9360E033
:1085700075E180E090E0C5DBC82F60E077E180E046
:1085800090E0BFDB90E0982F8827C07F8C0F911D73
:10859000CF910895CF93482FC92F60E076E180E016
:1085A00090E017DC4C2F60E078E180E090E011DC97
:1085B000CF910895CF9360E076E180E090E0A1DB79
:1085C000C82F60E078E180E090E09BDB90E0982F9E
:1085D00088278C0F911DCF91089560E07EE280E0A6
:1085E00090E08FDB8170089560E07EE280E090E0B3
:1085F00088DB982F907381E0911101C080E008958D
:1086000060E07EE280E090E07CDB482F4F7760E026
:108610007EE280E090E0DDDB60E07EE280E090E002
:1086200070DB482F406860E07EE280E090E0D1CBD4
:10863000FC0141E08081813009F040E04295440F27
:10864000440F407C8181813039F4486360E07EE2F0
:1086500080E090E0BEDBD4CF82819381913031F411
:10866000813011F44861F2CF4860F0CF813071F76A
:108670004061ECCFCF93DF93EC0160E07EE280E0DD
:1086800090E03FDB86FB332730F9982F987321E089
:10869000903219F0983309F020E038832983282F8D
:1086A0002073203181F021E0903209F020E02A830C
:1086B0008872883051F081E0903209F080E08B833D
:1086C000DF91CF91089521E0F2CF81E0F8CFCF93F1
:1086D000C82F60E07EE280E090E013DB482F8FEF50
:1086E00046FF17C0C130B9F4477C406360E07EE2CA
:1086F00080E090E06EDB84DF60E07EE280E090E08E
:1087000000DB982FC13049F4907381E0911180E033
:108710008195CF9108954863E9CF9873F6CF1F9361
:10872000CF93DF93EB01803108F067C0E82FF0E0D2
:108730008827EA5FF74A8F4F0C949F5145DE80E00F
:10874000DF91CF911F910895685F7F4F209711F4BB
:1087500060E070E0CE019BDEF3CF88819981F5DE89
:10876000EECF04DF88839983EACF8881998112DF75
:10877000E6CF20DFF7CF498160E073E180E090E051
:1087800028DB488160E074E180E090E022DBD7CF15
:1087900060E073E180E090E0B4DA182F60E074E10B
:1087A00080E090E0AEDA212F30E0322F2227280F30
:1087B000311D28833983C3CF8091DB218883809149
:1087C000DC2189838091DD218A838091DE218B8366
:1087D0008091DF218C831D82B2CF12DFB0CFCB011D
:1087E00027DFADCFCB0146DFAACF888170DFA8CFCE
:1087F000FBDE8883A4CFF1DEFCCF8FEFA1CFCF9338
:10880000DF93EC0126E030E0AC0160E079E080E04D
:1088100090E0CADBAE01425F5F4F24E030E060E0F1
:1088200071E080E090E0C0DBAE01465F5F4F24E086
:1088300030E060E075E080E090E0B6DBAE014A5FDA
:108840005F4F24E030E060E07FE080E090E0ACDB70
:10885000E4E6FEE38A8980838B8981838C89828325
:108860008D8983838E898093633EDF91CF910895B4
:10887000CF93DF93EC0126E030E0AC0160E079E0DB
:1088800080E090E010DBAE01425F5F4F24E030E01B
:1088900060E071E080E090E006DBAE01465F5F4F94
:1088A00024E030E060E075E080E090E0FCDAAE01CA
:1088B0004A5F5F4F24E030E060E07FE080E090E0DE
:1088C000F2DAE4E6FEE380818A8B81818B8B828100
:1088D0008C8B83818D8B8091633E8E8BDF91CF91CA
:1088E0000895CF93C82F857C81110DC060E070E0A2
:1088F000CB0107DA4C2F482B60E070E0CB0169DA3E
:1089000080E0CF9108958FEFFCCF60E070E0CB0165
:10891000F8C9CF93DF93EC01488160E07BE180E010
:1089200090E057DA4A8160E079E180E090E051DA46
:10893000498160E07AE180E090E04BDADF91CF910D
:1089400008950F931F93CF938C0160E07BE180E04B
:1089500090E0D7D9F801808360E079E180E090E091
:10896000D0D9C82F60E07AE180E090E0CAD92C2FFE
:1089700030E0322F2227280F311DF8012183328366
:10898000CF911F910F910895CF93DF93EB01833027
:10899000B9F038F4813089F0823059F48881A1DF50
:1089A00005C0843081F0853089F08FEFDF91CF9161
:1089B0000895CB0124DF80E0F9CFCB0159DFFBCF55
:1089C000A4DF8883F8CFCB01A4DFF5CFCB01B9DFDB
:1089D000F2CF8F929F92AF92BF92CF92DF92EF929F
:1089E000FF920F931F93CF93C82F8FEFC93008F0DA
:1089F00059C00C2F10E084E0C89F600111248FEF54
:108A0000C81AD80A93E0CC0CDD1C9A95E1F7460110
:108A10009394092C000CAA08BB0840E1C501B401DD
:108A2000D8D9C501B4016DD98111FBCFB6017E5FE4
:108A3000072E000C880B990B4FE1CBD981E090E019
:108A400002C0880F991FCA95E2F7809590952091F2
:108A5000823E3091833E282339232093823E3093F7
:108A6000833E2091803E3091813E822393238093E8
:108A7000803E9093813EF801EE0FFF1FE059F14CCC
:108A800010821182F801E859F14C10828DEFD81A4A
:108A90000D2C000CEE08FF08C701B60132D9811178
:108AA000FBCF81E0CF911F910F91FF90EF90DF906E
:108AB000CF90BF90AF909F908F900895A4E0B0E0CA
:108AC000E4E6F5E40C94B151182F762E7A01022FCA
:108AD0008FEF193008F0AEC022E0621789F084E011
:108AE000681771F021E08BEF6213A4C024E030E03E
:108AF000AE014F5F5F4F60E07FE080E090E0D3D950
:108B0000802F867081119EC0011541F081E078169A
:108B100009F494C022E0721609F496C0812F59DF3F
:108B2000A12EB12C84E0189F600111242FEFC21AEE
:108B3000D20A23E0CC0CDD1C2A95E1F7402F407FC0
:108B40004729B6010D2C000C880B990B42D9E11472
:108B5000F10481F4E090F121F090F221C701019637
:108B60002FEEE2162FEFF20609F477C08093F12181
:108B70009093F221B6017C5F072E000C880B990BB5
:108B80004F2D27D9B6017B5F072E000C880B990B60
:108B90004E2D1FD926015394052C000C660877082A
:108BA00041E0C301B20115D9C301B201AAD88111B4
:108BB000FBCF81E090E0012E02C0880F991F0A943C
:108BC000E2F7809590952091823E3091833E282354
:108BD000392300FB882480F8912C012E02C0880CD8
:108BE000991C0A94E2F7822A932A8092823E9092FC
:108BF000833E2091803E3091813E82239323809357
:108C0000803E9093813EF501EE0FFF1FE059F14C3D
:108C100010821182F501E859F14C10822DEFD21A21
:108C20000D2C000CEE08FF08C701B6016AD88115AB
:108C3000D9F3812F2496E0E10C94CA51802F8172E0
:108C400081116CCF8AEFF6CF05FF02C007FFFACF84
:108C500004FF64CF07FFF6CF61CF80E090EC8093F4
:108C6000F1219093F2219FEEE92EFF24FA9482CF16
:108C70008F929F92AF92BF92CF92DF92EF92FF922C
:108C8000CF93C82F8FEFC93008F03EC084E0C89F53
:108C9000600111248FEFC81AD80A83E0CC0CDD1CC8
:108CA0008A95E1F7B6010D2C000C880B990B29D899
:108CB0008F70813099F546018DEF981A092C000CC0
:108CC000AA08BB08C501B4011CD8833149F5D39467
:108CD0000D2C000CEE08FF0842E0C701B60179D860
:108CE000C701B6010ED88111FBCFC501B40109D867
:108CF000843111F481E008C0C701B60102D88111A6
:108D0000F4CF8C2F66DE8CEFCF91FF90EF90DF9049
:108D1000CF90BF90AF909F908F9008958BEFF4CF3E
:108D20008DEFF2CF8F929F92AF92BF92CF92DF9250
:108D3000EF92FF92CF93C82F8FEFC93008F062C037
:108D400084E0C89F600111248FEFC81AD80A83E01D
:108D5000CC0CDD1C8A95E1F7B6010D2C000C880BBC
:108D6000990B0E94813E8F70813009F055C04601F9
:108D70009394092C000CAA08BB0848E0C501B40173
:108D800028D8C501B4010E94813E8111FACF81E04B
:108D900090E00C2E02C0880F991F0A94E2F7AC01F4
:108DA000409550952091803E3091813E242335237B
:108DB0002093803E3093813E2091823E3091833ECD
:108DC00082239323892B51F546018DEF981A092CA4
:108DD000000CAA08BB088EEFD81A0D2C000CEE0868
:108DE000FF08C501B4010E94813E811102C081E0EB
:108DF00009C0C701B6010E94813E83FFF2CF8C2FCC
:108E0000E8DD83EFCF91FF90EF90DF90CF90BF90A0
:108E1000AF909F908F9008958BEFF4CF80E0F2CFCA
:108E20004F925F926F927F929F92AF92BF92CF923A
:108E3000DF92EF92FF920F931F93CF93DF9300D0B7
:108E400000D0CDB7DEB7F82EE62E972E5A0129E0D6
:108E50006FEF7FEFCB01F21608F08DC034E0F39E88
:108E6000800111240F5F1F4F83E0000F111F8A95AF
:108E7000E1F7B801012E000C880B990B0E94813E8E
:108E80008F70813009F0CCC062EF7FEF8FEF9FEFE2
:108E9000A114B10409F46FC0C8019D5F9C01990F32
:108EA000440B550B29833A834B835C83CA01B90178
:108EB0000E94813E873119F08C3109F052C081E067
:108EC00090E06C010F2C02C0CC0CDD1C0A94E2F780
:108ED0008091803E9091813E8C219D21892BF9F0DB
:108EE00028013EEF531A052C000C66087708C301D1
:108EF000B2010E94813E84FF39C040E1C301B2014A
:108F00000E94E93E8091803E9091813E960120959D
:108F10003095822393238093803E9093813EB801C5
:108F2000715E072E000C880B990B0E94813E1D82FA
:108F3000880F880F8E834D815E81A416B50610F4CC
:108F4000AD82BE828F2D96D85C0169817A818B813A
:108F50009C810E94813E873141F18C3131F18F2D0E
:108F600038DD69EF7FEF8FEF9FEF05C083FD16C0FF
:108F700060E070E0CB012696CDBFDEBFDF91CF91E0
:108F80001F910F91FF90EF90DF90CF90BF90AF9027
:108F90009F907F906F905F904F9008958F2D19DD77
:108FA00063EF7FEF8FEF9FEFE6CF8091823E90914E
:108FB000833E8C219D21892B61F18D819E81A81694
:108FC000B906B0F24D815E816E2D792D8F2DDCD8E2
:108FD00013952801052C000C6608770840E2C301B0
:108FE000B2010E94E93EC301B2010E94813E81119B
:108FF000FACF8091803E9091813E8C299D2980936B
:10900000803E9093813E4D815E81BA0180E090E088
:10901000B2CF2D813E81A216B30608F493CFD2CFF2
:109020006BEF7FEF8FEF9FEFA6CFA6E0B0E0EBE115
:10903000F8E40C94AF51982E862E372E7A0129E051
:109040006FEF7FEFCB01921608F06EC0C92CD12CC8
:1090500084E0989EA00111244F5F5F4F33E0440FDE
:10906000551F3A95E1F74D835E83BA01550F880B82
:10907000990B0E94813E8F70813009F093C062EF9E
:109080007FEF8FEF9FEFE114F10409F44DC06D8184
:109090007E81725E072E000C880B990B0E94813E28
:1090A000282E8D819E819D5F9C01990F440B550B4D
:1090B00029833A834B835C834D805E8031EE531A63
:1090C000052C000C6608770881E090E0AC01092CC3
:1090D00002C0440F551F0A94E2F76A01892D0FD888
:1090E0008C0169817A818B819C810E94813E8731CC
:1090F000F9F08C3199F40115110561F5892D0E9463
:109100003A405C01C301B2010E94813E90E0982F79
:109110008827990F990FA816B90651F4892D59DCA3
:1091200069EF7FEF8FEF9FEF2696E2E10C94C85135
:109130008091823E9091833E8C219D21892B39F034
:109140000115110539F460E070E0CB01EDCF011598
:10915000110521F260E0722D770F770FE616F70602
:1091600008F4B7017B010617170708F47801A70177
:10917000682D732D892D5DD88D809E809394092C48
:10918000000CAA08BB0840E4C501B4010E94E93EF6
:10919000C501B4010E94813E8111FACFB70180E080
:1091A00090E0C2CF6BEF7FEF8FEF9FEFBDCFA0E0DE
:1091B000B0E0EDEDF8E40C94B051F82EE62E372E29
:1091C0006A015901E80129E06FEF7FEFCB01F21648
:1091D00008F0C3C08F2C912C34E0F39E8001112441
:1091E0000F5F1F4F83E0000F111F8A95E1F7B80151
:1091F000012E000C880B990B0E94813E8F708230EB
:1092000019F0843009F0BAC062EF7FEF8FEF9FEF63
:10921000C114D10409F4A1C0F50180819181A2811A
:10922000B381892B8A2B8B2B09F4ADC065EF7FEFBF
:109230008FEF9FEF209709F490C02801FDEF5F1A90
:10924000052C000C66087708C301B2010E94813E1C
:10925000823419F0823209F09BC0B801745F072E86
:10926000000C880B990B24E030E0A5010E94D43F4C
:10927000B801705F072E000C880B990B4D2F0E94D0
:10928000E93EB8017F5E072E000C880B990B4C2F2E
:109290000E94E93EB801715E072E000C880B990B05
:1092A0000E94813E20E0C22FD82FDD0FDD0FCC16AB
:1092B000DD0608F4E60181E090E0FC0102C0EE0F5B
:1092C000FF1F8A94E2F74F018F2D0E943A406C01F4
:1092D000C301B2010E94813E811509F45EC08091F4
:1092E000823E9091833E88219921892B39F0CC16BA
:1092F000DD0638F460E070E0CB012FC0CC16DD064F
:1093000018F3AE016E2D732D8F2D0E94C44068019D
:10931000D3940D2C000CEE08FF0840E2C701B60103
:109320000E94E93EC701B6010E94813E8111FACF39
:1093300068012EEFD21A0D2C000CEE08FF08C701B1
:10934000B6010E94813E84FF0DC040E1C701B60115
:109350000E94E93EBE0180E090E0CDB7DEB7E1E1DA
:109360000C94C95183FFEBCF48E0C701B6010E94BE
:10937000E93E63EF7FEF8FEF9FEFEFCF6BEF7FEF74
:109380008FEF9FEFEACF64EF7FEF8FEF9FEFE5CF97
:1093900069EF7FEF8FEF9FEFE0CF6CEF7FEF8FEF05
:1093A0009FEFDBCFA3E1B0E0E7EDF9E4D8C7782E7B
:1093B000662E7F874A0129010D871E8729E06FEFFE
:1093C0007FEFCB01721608F022C1C72CD12C34E0FC
:1093D000739E500111244FEFA41AB40A93E0AA0C13
:1093E000BB1C9A95E1F7B5010B2C000C880B990B6F
:1093F0000E94813E89878F70823019F0843009F095
:1094000009C162EF7FEF8FEF9FEF8114910409F4A0
:10941000FEC07601EE0CFF1CF701E059F14C808193
:109420009181892B09F053C0C5019D5F9C01990F63
:10943000440B550B288B398B4A8B5B8B81E090E07A
:109440001C010C2C02C0220C331C0A94E2F7872D5D
:109450000E947F408C01688979898A899B890E9452
:10946000813E811509F4DBC08091823E9091833E5C
:1094700082219321892B39F00115110539F460E01F
:1094800070E0CB01C4C00115110509F3A6014859CC
:10949000514C6A01FA01108289858770B394950155
:1094A0000B2C000C440B550B29873A874B875C87A4
:1094B000823081F0843009F477C0B801872D0E9492
:1094C0006E41F701E059F14C008311834BC000E07D
:1094D00010E0DCCFF701E059F14C808191810097D9
:1094E000B1F548E050E0BE016F5F7F4F872D0E94CD
:1094F000194140E469857A858B859C850E94E93E07
:1095000069857A858B859C850E94813E8111F8CF83
:109510008981F20180838A8181838B8182838C811E
:1095200083838D819E81982789279827ED85FE85E5
:10953000808391838F819885982789279827F701C1
:10954000E059F14C8083918320E8F6012083840167
:109550008815990508F48C01A801662D7F85872D53
:109560000E94194140E469857A858B859C850E941B
:10957000E93E69857A858B859C850E94813E8111B3
:10958000F8CFF701E059F14C80819181801B910B5C
:1095900080839183892B21F0F60180818160808313
:1095A000B80180E090E033C0F701E059F14C8081D0
:1095B0009181009761F642E050E0BE016F5F7F4FFE
:1095C000872D0E94194140E469857A858B859C85A9
:1095D0000E94E93E69857A858B859C850E94813E43
:1095E0008111F8CF89819A81982789279827F701D7
:1095F000E059F14C808391838B3EF5E09F0708F49E
:10960000A3CF872DE6D967E17CEF8FEF9FEF6396BD
:10961000E2E1BEC66BEF7FEF8FEF9FEFF8CF6CEF0D
:109620007FEF8FEF9FEFF3CF24E030E042EA5EE37D
:1096300060E07FE080E090E00E94D43F24E030E0F2
:109640004AE95EE360E075E080E090E00E94D43F8C
:1096500024E030E04EE95EE360E071E080E090E01D
:109660000C94D43F40E860E070E0CB010E94E93EFA
:1096700060E070E0CB010E94813ED6DF26E030E062
:1096800044E85EE360E079E080E090E00C94D43F51
:1096900040E860E070E0CB010E94E93E60E070E0ED
:1096A000CB010E94813E26E030E044E85EE360E0CA
:1096B00079E080E090E00C94D43FFC019B01CA016A
:1096C00044E15BE44093F7215093F82142E35BE4EB
:1096D0004093F5215093F62148E45BE44093F32155
:1096E0005093F421309721F0E093F721F093F82183
:1096F0002115310521F02093F5213093F6210097B3
:1097000021F08093F3219093F4210895A6E0B0E036
:10971000EBE8FBE434C626E030E0AE014F5F5F4F7C
:1097200060E079E080E090E00E94533FE0918A3E63
:10973000F0918B3E81E08083818386E08283138277
:1097400060918C3E70918D3E80918E3E90918F3EC7
:10975000FFD564837583868397831086118680E89E
:10976000828713861486158616861786108A118AB4
:10977000128A138A148A158A168A178A108E118EF5
:10978000128E138EA4E8BEE39C91948F11969C9147
:109790001197958F12969C911297968F13969C9184
:1097A0001397978F14969C91149790A315969C915C
:1097B00091A39F012E5D3F4F9AE0D9011D929A958A
:1097C000E9F7265F3F4F90E4D9011D929A95E9F79A
:1097D000205C3F4FD9011D928A95E9F7DF01A45122
:1097E000BF4F83E68D9392E89D9393E59C93E1515F
:1097F000FF4F80832696E2E0DBC5A4E0B0E0E2E024
:10980000FCE4B6C583DFE0908A3EF0908B3EF70122
:10981000E051FF4F85E3819381E0819381939DE344
:10982000919397E0919381938091843E819380916D
:10983000853E81938091863E8083B090873ED7019C
:10984000A750BF4FBD927091883E7D936091893E35
:109850006D938CE08D931C9209EF11E267018EEFFE
:10986000C80ED11C82E190E0F80121918F01AC017A
:109870004F5F5F4F211143C09701280F391F8901A6
:1098800004511F4FF801B0824E0D5F1DFA01E451E3
:10989000FF4F7083F901E251FF4F619341EF480F91
:1098A0004C9347E3419346E0419351E0519353E099
:1098B000519341934FE041934AE341934BE34193EA
:1098C0001FEF10834CE251E0481B590B88509F4F0B
:1098D00060E070E08E0D9F1DC3D719831A831B8330
:1098E0001C8303E410E09E012F5F3F4F44E252E0EF
:1098F000B7018091AE3E5BDC2496E9E052C5F601EB
:1099000021936F01CA01B0CFCF92DF92FF920F93E4
:109910001F93CF93DF9300D00F92CDB7DEB7F6DE63
:10992000E0918A3EF0918B3E8091953E835082304B
:1099300008F0C6C0128613868091A23E848780916B
:10994000A33E85878091A43E86878091A53E878728
:109950008091AA3E89838091AB3E8A838091AC3E00
:109960008B838091AD3E8C8395E3DF01A051BF4F87
:109970009D9391E09D9323E02D932DE32D9327E07C
:109980002D939D939091843E9D939091853E9D93C0
:109990009091863E9D93F090873EFD920091883E87
:1099A0000D931091893E1C938F3F09F08EC082E386
:1099B00011968D9384E08D939091A23E9D9390910A
:1099C000A33E9D939091A43E9D939091A53E9D931F
:1099D00096E39D938D938091AA3E8D938091AB3EAB
:1099E0008D938091AC3E8D938091AD3E8C938CE1B4
:1099F00090E09F01280F391FD901A451BF4F4CE0BF
:109A00004D9302961C9229EFC22E21E2D22E40E005
:109A100050E0D6012D916D01BC016F5F7F4F211188
:109A200057C09F01280F391FD901A451BF4FFC9285
:109A30006E0F7F1FDB01A451BF4F0C93D901A251C0
:109A4000BF4F1C93DC011197A41BB50BAE0FBF1FBA
:109A5000A451BF4F4D5F4C93D901A151BF4F47E374
:109A60004D9348E04D9341E04D9343E04D9346E0E4
:109A70004D934FE04D934AE34D934BE34D934FE1AC
:109A80004D9341E24D932FEF2C930E968833B1E026
:109A90009B0744F103E410E09E012F5F3F4F44E237
:109AA00052E0BF018091AE3E82DB2496CDBFDEBF87
:109AB000DF91CF911F910F91FF90DF90CF9008958C
:109AC0008FEF89838A838B834ECF80E190E091CFA3
:109AD000DC01A451BF4FAE0FBF1F2C934F5F5F4FF0
:109AE000CB0197CFDC01A451BF4FAE0FBF1F1C921B
:109AF0000196CCCFA4E0B0E0EFE7FDE43EC406DE83
:109B000060918A3E70918B3EDB011A961C921A97E7
:109B10001B961C921B97FB01E051FF4F85E381933D
:109B200091E0919384E081932DE3219327E02193A9
:109B30009083AA50BF4FE4E8FEE390819D9391810A
:109B40009D9392819D9393819D9394819D93958103
:109B50009C93FB01E450FF4F92E391938083139613
:109B6000E2EAFEE390819D9391819D9392819D9382
:109B700093819C93FB01EE5FFE4F96E3919380836C
:109B80001396EAEAFEE380818D9381818D93828131
:109B90008D9383818C93FB01E85FFE4F8FEF819360
:109BA0002BE131E0DF01A9011D9241505040E1F766
:109BB00089838A838B838C8303E410E09E012F5F6B
:109BC0003F4F44E252E08091AE3EF1DA2496E4E069
:109BD000EDC3A8E0B0E0EEEEFDE4CEC38091AE3E72
:109BE0000E947F40AC01892B21F480E02896E5E0BB
:109BF000DCC360918A3E70918B3E8E01095F1F4FDE
:109C00009E012F5F3F4F8091AE3ECCDB462F572FFA
:109C10008F81988583349105C1F5A0918A3EB091DA
:109C20008B3E5C969C915C978091843E9813DDCF2F
:109C30005D969C915D978091853E9813D6CF5E96F8
:109C40009C915E978091863E9813CFCF5F969C91B2
:109C50005F978091873E9813C8CF90969C9190977C
:109C60008091883E9813C1CF91969C919197809155
:109C7000893E9813BACFFD01E051FF4F9D01240F9B
:109C8000351FF12CE217F30710F08F2DAFCF808135
:109C9000833309F447C0C8F4833091F130F481155F
:109CA000F9F08130F9F0818138C08630E1F78181A7
:109CB00092819093963E93819093973E9481909356
:109CC000983E95819093993E28C0863309F45AC0F6
:109CD0008F3F09F464C0853331F7F2803396D2CFD9
:109CE0003196D0CF828180939A3E838180939B3E30
:109CF000848180939C3E858180939D3E3696C2CF21
:109D00008181928190939E3E938190939F3E948116
:109D10009093A03E95819093A13E90E00296E80F2B
:109D2000F91FB0CF428150E060E070E0409305221F
:109D3000509306226093072270930822762F652F96
:109D4000542F44278381480F511D611D711D762FAB
:109D5000652F542F44278481480F511D611D711DAB
:109D6000762F652F542F44278581480F511D611D83
:109D7000711D409305225093062260930722709331
:109D80000822BCCF82818093AA3E83818093AB3E20
:109D900084818093AC3E85818093AD3EAFCFF90145
:109DA00071CFCF92DF92EF92FF920F931F93CF93D9
:109DB00060E07BE180E090E00E94813EC82F43E0BC
:109DC00060E07BE180E090E00E94E93E08E813E17A
:109DD00022EA3EE341E150E062E873E28091AE3E68
:109DE000E6D96B017C014C2F60E07BE180E090E0E4
:109DF0000E94E93E83EFC8168FEFD806E806F80602
:109E000011F178DE4091903E5091913E6091923EEA
:109E10007091933E8091903E9091913EA091923EA0
:109E2000B091933E841B950BA60BB70B0297A1052F
:109E3000B10580F380E0CF911F910F91FF90EF90DB
:109E4000DF90CF90089581E0F6CF1092903E10926F
:109E5000913E1092923E1092933E8AE090E0A0E0F4
:109E6000B0E08093012290930222A0930322B0934A
:109E700004221092943E0895CF938091943E8230B4
:109E80000CF044C08091903E9091913EA091923E02
:109E9000B091933E409101225091022260910322A1
:109EA00070910422481759076A077B0748F580918B
:109EB000953E823049F1843039F1813009F49DDCDE
:109EC0001092903E1092913E1092923E1092933ECC
:109ED0008091903E9091913EA091923EB091933EA0
:109EE0000A96A11DB11D8093012290930222A09396
:109EF0000322B09304228091943E8F5F8093943E1E
:109F0000C1E08C2FCF910895FFDCDACF8091953E90
:109F1000823059F0843049F0813019F0C1E095DF8A
:109F2000F0CF1092953EC0E0FACF67DC81E08093DD
:109F3000953EF4CFCF938091953EC5E0863009F4ED
:109F400077C06091AE3E20E2629FB0011124685F4D
:109F50007C4F072E000C880B990B0E94813E8232A9
:109F600041F020E044E450E062E08091AE3E0E9487
:109F70005E452FDEC82F8091953E823009F45BC08C
:109F800034F4811591F18130D9F1C1E051C08330B1
:109F900009F46DC08430C9F7C53009F0B2C0109221
:109FA000943E9091A63E8091A23E981313C090914A
:109FB000A73E8091A33E98130DC09091A83E80913A
:109FC000A43E981307C09091A93E8091A53EC4E09D
:109FD000981731F0E091F521F091F6211995C3E041
:109FE00034DF83E08093953E23C01092A23E10920E
:109FF000A33E1092A43E1092A53EFFDB81E027C055
:10A00000C230A1F4E0918A3EF0918B3E808980932A
:10A01000A23E81898093A33E82898093A43E838956
:10A020008093A53E71DCC093953EAFCF25DFC82F4E
:10A030008C2FCF910895C530B1F4B3DE811551F066
:10A04000E091F721F091F8211995FFDE83E08093EC
:10A05000953E9BCFFADEE091F321F091F421199522
:10A060001092953E92CFC63009F7EFDEC7CF8091B0
:10A07000052290910622A0910722B09108228F3FDD
:10A080002FEF9207A207B20789F04091903E5091BE
:10A09000913E6091923E7091933EB695A7959795AB
:10A0A000879584179507A607B70710F0C4E0C0CFBF
:10A0B0008091A23E8093A63E8091A33E8093A73ECE
:10A0C0008091A43E8093A83E8091A53E8093A93EB6
:10A0D00080918C3E90918D3EA0918E3EB0918F3EAE
:10A0E0000196A11DB11D80938C3E90938D3EA0934F
:10A0F0008E3EB0938F3E08DCA8DE84E08093953ED0
:10A10000D5CFC63009F092CFA0DE81E0F7CFA4E032
:10A11000B0E0ECE8F0E52EC1D82E7B018E010F5F98
:10A120001F4F84E0F80111928A95E9F726E030E0AC
:10A1300044E85EE360E079E080E090E00E94533F15
:10A140009091843E8091853E982B8091863E982BFD
:10A150008091873E982B8091883E982B8091893EF4
:10A16000982B911118C01092843E88E08093853E10
:10A170008CED8093863E1092873E1092883E10921E
:10A18000893E26E030E044E85EE360E079E080E08C
:10A1900090E00E94D43FD092AE3EE0928A3EF09290
:10A1A0008B3E88E796E5A4E3B2E180938C3E9093E2
:10A1B0008D3EA0938E3EB0938F3E24E030E0A80108
:10A1C00060E07FE080E090E00E94D43F24E030E057
:10A1D000A80160E07FE080E090E00E94D43F24E0AE
:10A1E00030E0A80160E071E080E090E00E94D43FA0
:10A1F0002CDE1092953E2496E7E0D5C08091903EEB
:10A200009091913EA091923EB091933E0196A11DF6
:10A21000B11D8093903E9093913EA093923EB09357
:10A22000933E0895FC01A2EABEE38C9180831196CF
:10A230008C911197818312968C9112978283139639
:10A240008C9183830895FC01AEE9BEE38C918083F9
:10A2500011968C911197818312968C91129782831B
:10A2600013968C9183830895FC01AAE9BEE38C9137
:10A27000808311968C911197818312968C911297FD
:10A28000828313968C9183830895FC01A6E9BEE333
:10A290008C91808311968C911197818312968C9169
:10A2A0001297828313968C9183830895AA1BBB1BFC
:10A2B00051E107C0AA1FBB1FA617B70710F0A61BC6
:10A2C000B70B881F991F5A95A9F780959095BC01E7
:10A2D000CD01089597FB072E16F4009406D077FD64
:10A2E00008D0E4DF07FC05D03EF4909581959F4FA0
:10A2F0000895709561957F4F0895A1E21A2EAA1BCB
:10A30000BB1BFD010DC0AA1FBB1FEE1FFF1FA21725
:10A31000B307E407F50720F0A21BB30BE40BF50B22
:10A32000661F771F881F991F1A9469F760957095AB
:10A33000809590959B01AC01BD01CF010895EE0F72
:10A34000FF1F881F8BBF0790F691E02D1BBE19944D
:10A3500069279627692778278727782708952F92D6
:10A360003F924F925F926F927F928F929F92AF92A5
:10A37000BF92CF92DF92EF92FF920F931F93CF93F2
:10A38000DF93CDB7DEB7CA1BDB0BCDBFDEBF1994A1
:10A390002A88398848885F846E847D848C849B8475
:10A3A000AA84B984C884DF80EE80FD800C811B8183
:10A3B000AA81B981CE0FD11DCDBFDEBFED010895B9
:10A3C0000F931F93CF93DF939C01029710F422E029
:10A3D00030E0E091AF3EF091B03E80E090E0A0E050
:10A3E000B0E0309791F4009709F448C0821B930BBA
:10A3F00084309105D0F58A819B816115710581F1C9
:10A40000FB0182839383FE0111C04081518102814F
:10A41000138142175307D8F04217530799F4109746
:10A4200061F012960C93129713961C933296CF01FB
:10A43000DF91CF911F910F9108950093AF3E10933C
:10A44000B03EF4CF009751F04817590738F0AC01EF
:10A45000DB01CA01BD01DF01F801C3CFEF01F9CF74
:10A460008093AF3E9093B03ECECFFE01E80FF91F30
:10A4700021933193029788839983D9CF4091B13E3C
:10A480005091B23E4115510541F440910B2250913B
:10A490000C224093B13E5093B23E8091092290919C
:10A4A0000A22009741F48DB79EB760910D227091FA
:10A4B0000E22861B970B4817590708F0B8CF841B4C
:10A4C000950B8217930708F4B2CFB9016E5F7F4FE7
:10A4D0008617970708F4ABCF640F751F6093B13EE2
:10A4E0007093B23EFA0121933193A1CFCF93DF93C2
:10A4F0009C010097E9F0FC01329712821382C0910F
:10A50000AF3ED091B03EDE0180E090E02097A1F414
:10A5100080819181280F391F8091B13E9091B23E88
:10A520008217930709F068C0E093B13EF093B23E02
:10A53000DF91CF910895DA01AE17BF0708F042C04E
:10A5400012964D915C911397CD014115510599F7E4
:10A55000DC011296ED93FC9313974D915D919D0153
:10A56000240F351FE217F30781F4208131812E5F1C
:10A570003F4F240F351FDC012D933C93119722810F
:10A58000338112962D933C931397E0E0F0E08A819B
:10A590009B810097B1F5DE018D919D918A0F9B1FE4
:10A5A0002091B13E3091B23E2817390709F6309715
:10A5B00059F51092AF3E1092B03EC093B13ED09389
:10A5C000B23EB6CFA283B38340815181240F351FA1
:10A5D000A217B30771F44E5F5F4F2D913C91119715
:10A5E000240F351F2083318312962D913C912283B5
:10A5F0003383009709F0ACCFE093AF3EF093B03EC9
:10A6000097CFFE01EC01C3CF12821382D6CF4F92B7
:10A610005F926F927F928F929F92AF92BF92CF92F2
:10A62000DF92EF92FF920F931F93CF93DF93EC0192
:10A630006B018A016115710519F0FB01808391831B
:10A640000115110529F0C8010297839708F0E7C0AA
:10A650005E012196F501E0808E2D90E0F0D0892BEF
:10A66000B9F7FDE2EF1216C0E990FF24F394C80198
:10A670008F7E892BB9F480E3E812D6C088818F7D64
:10A68000883509F0D6C0E9802296EF2DE26000E11E
:10A6900010E05FC02BE2E21203C0E880E5012296E1
:10A6A000F12CE5CF0830110509F459C00CF049C070
:10A6B000EF2D812C912CA12C30E4B32E023011050A
:10A6C00069F060E070E080E090E89801012E000CF5
:10A6D000440B550B12DE49015A01EF2D20E060E0DA
:10A6E00070E0CB012801012E000C66087708F0ED20
:10A6F000FE0DFA3058F03FEB3E0DF9EC3A3128F000
:10A700003FE93E0D3A31E0F5F9EAFE0DF01711068A
:10A71000BCF52F3FA1F086169706A806B90670F083
:10A72000A30192013FD46F0F711D811D911D21E086
:10A73000613071058105F0E89F0708F02FEFE9907F
:10A74000D6CFEF2D0A301105A1F00031110509F027
:10A75000B8CF812C912CA12C88E0B82EBFCFEF2D43
:10A76000812C912CA12C90E1B92EB8CFEF2D0AE0CD
:10A7700010E02CEC822E982CA82C2CE0B22EAECF20
:10A78000C114D10431F0211569F12197F601C0837C
:10A79000D1832F3F69F58F2D90E0A0E0B0E0BC01A0
:10A7A000CD01615071098109904822E230E0209387
:10A7B000B93E3093BA3E462F372F282F642F732F80
:10A7C000822FDF91CF911F910F91FF90EF90DF903B
:10A7D000CF90BF90AF909F908F907F906F905F9041
:10A7E0004F900895E1FF04C02297F601C083D18302
:10A7F000F11441F090958095709561957F4F8F4F42
:10A800009F4FD9CF97FFD7CF82E290E08093B93E98
:10A810009093BA3E6FEF7FEF8FEF9FE7CCCF40E092
:10A8200030E020E090E0CACF012B09F49FCFEF2D5C
:10A830002ECF012BE1F7EF2D08E010E091CF911121
:10A84000D7C2803219F089508550D0F70895FB01A6
:10A85000DC0102C001900D9241505040D8F708959C
:10A86000DC0101C06D9341505040E0F70895FB01B9
:10A87000DC0101900D920020E1F70895FB01DC015D
:10A880004150504030F08D910190801919F4002012
:10A89000B9F7881B990B0895FB01DC01415050402A
:10A8A00048F001900D920020C9F701C01D9241505F
:10A8B0005040E0F708950F931F93CF93DF93EC017F
:10A8C0008B01892B51F4672B41F4E0E0F0E0CF01DC
:10A8D000DF91CF911F910F9108956EE070E081E0BC
:10A8E00090E06CD2FC01892B81F380E88383011511
:10A8F000110571F00287138781E883838091B33E4D
:10A900009091B43E892B21F4E093B33EF093B43E92
:10A910002097E9F2C087D187838182608383809109
:10A92000B53E9091B63E892B91F6E093B53EF093FB
:10A93000B63E8091B73E9091B83E892B41F6E093A8
:10A94000B73EF093B83EC3CFCF93DF93CDB7DEB71A
:10A95000AE014A5F5F4FFA0161917191AF01809141
:10A96000B53E9091B63E2FD0DF91CF9108950F93D1
:10A970001F93CF93DF93E091B53EF091B63E2381D4
:10A9800000E010E021FD0EC00FEF1FEFC801DF91C6
:10A99000CF911F910F9108951995892B11F00FEF09
:10A9A0001FEFCE01EC0189916091B53E7091B63EEA
:10A9B000DB011896ED91FC918111EECF8AE019959B
:10A9C000892B21F3E1CF5F926F927F928F929F92BA
:10A9D000AF92BF92CF92DF92EF92FF920F931F93AD
:10A9E000CF93DF93CDB7DEB72B97CDBFDEBF6C0122
:10A9F0007B018A01FC0116821782838181FFDBC102
:10AA00009AE0592EF6012381F70123FD859123FF5A
:10AA100081917F01811509F418C1853239F423FD34
:10AA2000959123FF91917F01953221F4B60190E039
:10AA3000F8D1E8CF30E0912C612C712CF0E27F1638
:10AA400040F59B32D9F058F49032D1F09332F1F0C6
:10AA50009E3299F576FCF9C0689476F806C09D326E
:10AA600091F09033C1F4689470F8F70123FD95914B
:10AA700023FF91917F019111E1CF29C0689471F872
:10AA8000689472F8F2CF689473F8EFCF689474F812
:10AA9000ECCF77FC1CC080ED890F8A30C8F676FEBB
:10AAA00005C0959C800D1124982EDFCF659C800DEC
:10AAB0001124682E689475F8D8CF9C3619F46894E0
:10AAC00077F8D3CF9C3409F44AC0983671F2892FB5
:10AAD0008F7D8554833008F444C0933609F464C0F4
:10AAE000933709F467C0933509F472C0943619F0AE
:10AAF000993609F099C0F80177FE8FC06191719184
:10AB0000819191918F01272D2F76822E97FF09C079
:10AB100090958095709561957F4F8F4F9F4F68946A
:10AB200087F82AE030E0AE014F5F5F4F5A01A9D1AC
:10AB30008A19A82E86FECDC0882D8E7FA91408F014
:10AB4000C7C084FE17C182FC0BC1F82DFE7E8F2E7C
:10AB5000B92C882D8678811509F4C8C006C131E06A
:10AB600084CF3115F1F0085F1F4F8FE3898388246C
:10AB70008394912CAE014F5F5F4F5A01E89477F8B0
:10AB800073FC03C08614910498F181149104B1F50B
:10AB9000611409F437CFB60180E290E042D16A94A3
:10ABA000F7CF0C5F1F4FE1CFF801808189830E5FE3
:10ABB0001F4FDDCFF801A190B1908F01692D70E09A
:10ABC00076FC02C06FEF7FEFC50120D14C01D6CFDC
:10ABD000F801A190B1908F01692D70E076FC02C060
:10ABE0006FEF7FEFC50107D14C01689477F8C8CFAC
:10ABF000B60180E290E015D16A94C4CFF50177FCEC
:10AC0000859177FE81915F01B60190E00AD16110D4
:10AC10006A94F1E08F1A9108B8CF61917191072E73
:10AC2000000C880B990B6ECF872CE89484F82AE0EF
:10AC300030E09537B1F1572D597F852E903711F1BE
:10AC4000D0F4983521F19F3651F1F6018681978134
:10AC50002B96CDBFDEBFDF91CF911F910F91FF905B
:10AC6000EF90DF90CF90BF90AF909F908F907F90AC
:10AC70006F905F900895983741F774FC05C020E10C
:10AC800030E00FC0689484F8689482F8F8CF74FEBE
:10AC900003C0872D8660882E20E132E002C028E0C4
:10ACA00030E0F80187FE0FC061917191819191911F
:10ACB0008F01FE0131965F01AF01E3D08A19A82E02
:10ACC000E89487F837CF6191719180E090E0F0CF00
:10ACD000882EBA2C84FE3DCFFE01EA0DF11D808145
:10ACE000803309F040C0282D297E822E83FC0EC0BF
:10ACF00080FE4BC09A2CB61418F4960C9B18B62CF8
:10AD0000862D8B196B1408F480E0B80EB61408F089
:10AD10003EC06B1884FE3DC0B60180E390E081D058
:10AD200082FE08C088E590E081FC02C088E790E0E0
:10AD3000B60177D0A914C8F1AA94B12C4FEFA41A88
:10AD4000B40ACE0101964C01A80EB91EF5018291FC
:10AD50005F01B60190E065D08A149B04B9F718CF63
:10AD6000B92C882EB9CF82FC02C0B394BFCFB39464
:10AD7000B394BCCFB92C882EECCEB60180E290E023
:10AD800050D073947614C8F3BBCF7B2CFBCF612CCF
:10AD9000C1CF882D8678811569F280E281FC8BE233
:10ADA00087FC8DE2B60190E0C4CFB60180E390E06D
:10ADB00038D09A94BFCF8FEF9FEF4ACF0F931F9356
:10ADC000CF93DF93869F8001879F100D969F100D74
:10ADD0001124C801F5DAEC01009721F0A80160E028
:10ADE00070E03EDDCE01DF91CF911F910F9108956C
:10ADF000992788270895FC01059061507040011043
:10AE0000D8F7809590958E0F9F1F0895FC01615093
:10AE1000704001900110D8F7809590958E0F9F1F7C
:10AE200008950F931F93CF93DF93182F092FEB01F2
:10AE30008B8181FD09C01FEF0FEF812F902FDF91D4
:10AE4000CF911F910F91089582FF14C02E813F81F1
:10AE50008C819D81281739073CF4E881F981CF0165
:10AE600001968883998310838E819F8101968E83BA
:10AE70009F83E3CFE885F985812F1995892BA1F36D
:10AE8000DACFFA01AA27283051F1203181F1E89474
:10AE90006F936E7F6E5F7F4F8F4F9F4FAF4FB1E0CD
:10AEA0003ED0B4E03CD0670F781F891F9A1FA11DC8
:10AEB000680F791F8A1F911DA11D6A0F711D811DC9
:10AEC000911DA11D20D009F468943F912AE0269F8E
:10AED00011243019305D3193DEF6CF010895462FED
:10AEE0004770405D4193B3E00FD0C9F7F6CF462FCE
:10AEF0004F70405D4A3318F0495D31FD4052419337
:10AF000002D0A9F7EACFB4E0A695979587957795F3
:10AF10006795BA95C9F700976105710508959B017A
:10AF2000AC010A2E06945795479537952795BA9503
:10AF3000C9F7620F731F841F951FA01D089503D0CA
:10AF4000808199270895E0ECF1E0378537FDFDCF4A
:10AF5000348538603487FC01E050F04F0895262F87
:10AF6000E0ECF1E0378537FDFDCF3485377F34875E
:10AF7000378531FF09C036E3328738ED34BF31E021
:10AF80003387378537FDFDCF33E332878083918365
:10AF90001282248325E3228728ED31E024BF338702
:10AFA00001960895DB018F939F930BD0BF91AF91D2
:10AFB000A29F800D911DA39F900DB29F900D112413
:10AFC000089509D0A59F900DB49F900DA49F800D6A
:10AFD000911D11240895A29FB001B39FC001A39FAA
:10AFE000700D811D1124911DB29F700D811D1124C2
:10AFF000911D0895F894FFCFF3371338193813389B
:10B00000193857386A381938B338BA389E43A443C8
:10B01000B143AD43B543B943BB43C843DC43ED4300
:0CB02000EF43F2439F43F543F843FB432A
:10B02C00FE00020284400000010540000001860879
:10B03C000000010000000000000000000000008182
:10B04C0040000001024000000183080000010000E4
:10B05C0000000000000000000010B0710600A40108
:10B06C006C02D804064E6F6B00000000000000005C
:10B07C0000000000000000000000000000000000C4
:10B08C000000000043534D0000000000000000963B
:10B09C000000F9293C2A9529AB29000000533058AF
:10B0AC003200000000000000960000F9293C2A95AF
:10B0BC0029AB2900000045535038323636000000C9
:10B0CC0080250000F9293C2A9529AB290000005461
:10B0DC00505541525400000000004B0000F9293C2F
:10B0EC002A000000000000235A4D3331303200009A
:10B0FC00000000C20100F9293C2A9529000000003B
:10B10C000047534D5F41360000000000C20100F9BA
:10B11C00293C2A95290000000000524E3234383365
:10B12C000000000000E10000F9293C2A95290000EC
:10B13C0000000044533234383000000000802500F9
:10B14C0000F9293C2A952900000000004E4D45418C
:10B15C0039363030000080250000F9293C2A952929
:10B16C00000000000054434D33313000000000005B
:10B17C00E10000F9293C2AA02900000000005253EC
:10B18C00343835000000000080250000F9293C2AE5
:10B19C000000000001010053455249414C000000E1
:10B1AC000080250000F9293C2A0000000000010065
:10B1BC00484D554152540000000000C20100F929CD
:10B1CC003C2A95290000000000000000000000004F
:10B1DC000000000000000000000000000000000063
:10B1EC000000A45055BBCD1FC0A802A8FFFFFF0054
:10B1FC00C0A80201000000000201025735353030B2
:10B20C0000A941B341B441B541AA41AD4100000090
:10B21C000000C0484B324B144B57495A6E657400B2
:10B22C00000A000000FFFFFFFF0000BB3E200007EC
:10B23C00C8F96E30CC0F01000000000000000202C3
:10B24C000202020202020202020202020202FFFFD8
:10B25C00FFFFFF0302FFFF0100FFFFFFFFFFAAA993
:10B26C00A6A59A9996956A6966655A595655FFFF2F
:10B27C00FFFFFFFFFFFFFFFFFF03FF0102FFFFFFC9
:10B28C00FF07FFFF00FFFF0506FF04FFFFFFFFFFA7
:10B29C00FF0BFF090AFFFF0FFFFF08FFFFFFFF0D6A
:10B2AC000EFF0CFFFFFFFFFFFFFFFFFFFFFF160D61
:10B2BC000E0B1C191A132C252623343132296272D9
:10B2CC007300583231006F6B0061737369676E6580
:10B2DC00642049502066726F6D20444843500D0025
:10B2EC00434F4E464C4943542049502066726F6D73
:10B2FC0020444843500D000D0A3D3D3D3D3D202569
:10B30C0073204E455420434F4E46203A2044484328
:10B31C0050203D3D3D3D3D0D0A000D0A3D3D3D3D5E
:10B32C003D202573204E455420434F4E46203A2055
:10B33C00537461746963203D3D3D3D3D0D0A002011
:10B34C004D4143203A20253032583A253032583A74
:10B35C00253032583A253032583A253032583A2571
:10B36C003032580D0A00204950203A2025642E25F1
:10B37C00642E25642E25640D0A00204757203A20A0
:10B38C0025642E25642E25642E25640D0A00205379
:10B39C004E203A2025642E25642E25642E25640D1E
:10B3AC000A00434845434B5F49505F434F4E464C60
:04B3BC0049435400AD
:00000001FF
